-- phpMyAdmin SQL Dump
-- version 5.2.3
-- https://www.phpmyadmin.net/
--
-- Host: mysql-container
-- Generation Time: Feb 23, 2026 at 03:26 PM
-- Server version: 8.0.45
-- PHP Version: 8.3.26

SET SQL_MODE = "NO_AUTO_VALUE_ON_ZERO";
START TRANSACTION;
SET time_zone = "+00:00";


/*!40101 SET @OLD_CHARACTER_SET_CLIENT=@@CHARACTER_SET_CLIENT */;
/*!40101 SET @OLD_CHARACTER_SET_RESULTS=@@CHARACTER_SET_RESULTS */;
/*!40101 SET @OLD_COLLATION_CONNECTION=@@COLLATION_CONNECTION */;
/*!40101 SET NAMES utf8mb4 */;

--
-- Database: `news_db`
--

-- --------------------------------------------------------

--
-- Table structure for table `authors`
--

CREATE TABLE `authors` (
  `id` int NOT NULL,
  `first_name` varchar(30) NOT NULL,
  `last_name` varchar(30) NOT NULL
) ENGINE=InnoDB DEFAULT CHARSET=utf8mb4 COLLATE=utf8mb4_0900_ai_ci;

--
-- Dumping data for table `authors`
--

INSERT INTO `authors` (`id`, `first_name`, `last_name`) VALUES
(1, 'Jack', 'White'),
(2, 'Marti', 'Trgovich'),
(3, 'Caroline ', 'O\'Doherty'),
(4, 'Nadeem', 'Badshah'),
(5, 'Donald', 'Clarke'),
(6, 'Lauren', 'Murphy'),
(7, 'Donald', 'Clarke'),
(8, 'Daniella', 'Malgwi'),
(9, 'Mark ', 'Poynting'),
(10, 'Harry', 'Guerin'),
(11, ' Jordan', 'King'),
(12, 'Kevin ', 'Courtney'),
(13, 'Zara', 'Morgan'),
(14, 'Sean', 'Moncrieff'),
(15, 'Alvy', 'Carragher'),
(16, 'Aengus', 'Woods'),
(17, 'Gemma', 'Tipton'),
(18, 'Bryan', 'O\'Brien'),
(19, 'Sadie', 'Dingfelder'),
(20, 'María de los ', 'Ángeles Orfila'),
(21, 'Ally ', 'Wybrew'),
(22, 'Heather', 'Greenwood Davis'),
(23, 'Cian', 'O\'Connell'),
(24, 'Niamh ', 'Browne'),
(25, 'Tom ', 'Lordan'),
(26, 'Tara', 'Brady'),
(27, 'Jason ', 'Bittel'),
(28, 'Gennaro ', 'Tomma'),
(29, ' Jordan', 'King'),
(30, 'Jason', 'Bittel');

-- --------------------------------------------------------

--
-- Table structure for table `categories`
--

CREATE TABLE `categories` (
  `id` int NOT NULL,
  `name` varchar(30) NOT NULL
) ENGINE=InnoDB DEFAULT CHARSET=utf8mb4 COLLATE=utf8mb4_0900_ai_ci;

--
-- Dumping data for table `categories`
--

INSERT INTO `categories` (`id`, `name`) VALUES
(1, 'Animal'),
(2, 'Nature'),
(3, 'Music'),
(4, 'Film'),
(5, 'Art');

-- --------------------------------------------------------

--
-- Table structure for table `locations`
--

CREATE TABLE `locations` (
  `id` int NOT NULL,
  `name` varchar(30) NOT NULL
) ENGINE=InnoDB DEFAULT CHARSET=utf8mb4 COLLATE=utf8mb4_0900_ai_ci;

--
-- Dumping data for table `locations`
--

INSERT INTO `locations` (`id`, `name`) VALUES
(1, 'Dublin, Ireland'),
(2, 'Cork, Ireland'),
(3, 'Tipperary,Ireland'),
(4, 'New York, America'),
(5, 'Meath,Ireland');

-- --------------------------------------------------------

--
-- Table structure for table `stories`
--

CREATE TABLE `stories` (
  `id` int NOT NULL,
  `headline` varchar(255) NOT NULL,
  `short_headline` varchar(255) NOT NULL,
  `subheadline` varchar(500) NOT NULL,
  `article` text NOT NULL,
  `img_url` varchar(255) NOT NULL,
  `author_id` int NOT NULL,
  `category_id` int NOT NULL,
  `location_id` int NOT NULL,
  `created_at` timestamp NOT NULL DEFAULT CURRENT_TIMESTAMP,
  `updated_at` timestamp NOT NULL DEFAULT CURRENT_TIMESTAMP
) ENGINE=InnoDB DEFAULT CHARSET=utf8mb4 COLLATE=utf8mb4_0900_ai_ci;

--
-- Dumping data for table `stories`
--

INSERT INTO `stories` (`id`, `headline`, `short_headline`, `subheadline`, `article`, `img_url`, `author_id`, `category_id`, `location_id`, `created_at`, `updated_at`) VALUES
(1, 'New cheetah cubs at Cork’s Fota Wildlife Park a boon to endangered species', 'Wildlife centre to seek public participation in naming latest arrivals', 'Fota Wildlife Park announced the birth of two endangered Northern cheetah cubs born to mother Florence and father Nawab. Photograph: Darragh Kane', '<p>Two endangered Northern cheetah cubs, of which just hundreds remain in the wild, have been born at Fota Wildlife Park in Co Cork.</p><p>The Carrigtwohill park announced the birth of the male and female cubs on Wednesday, saying they represent a “significant contribution” to the European Endangered Breeding Programme (EEP).</p><p>The two new cubs, born at the end of November and yet to be named, follow more than 240 born at the Cork-based tourist attraction since 1984.</p><p>The Northern cheetah is listed as an endangered species by the International Union for Conservation of Nature.</p><p>Native to the savannahs and grasslands of north and east Africa, it is estimated that just 600 remain in the wild due to habitat loss and illegal wildlife trade, Fota said.</p><p>Noting that the animal is “synonymous with Fota Wildlife Park”, which has the animal as its logo, Fota said it played a “crucial role” in the conservation of the species.</p><p>The cubs’ mother, Florence, was also born at the park five years ago, while their father, Nawab, was transferred to Fota from Wadi Al Safa Wildlife Centre in Dubai as part of the EEP.</p><p>John Leahy, senior ranger at Fota, said the two cubs were an “important example” of international collaboration between zoos and wildlife parks.</p><p>Mr Leahy said Florence, a first-time mother, appeared to be adapting “extremely well to her new role”.</p><p>The cubs have begun eating small amounts of meat shared by their mother, while still nursing, and have been exploring their habitat outside the den, he said, adding that they were “developing really well”.</p><p>The cubs and their mother will continue to be monitored remotely, using cameras in their den to avoid causing stress, Mr Leahy said.</p><p>“In the wild, the mothers are solely responsible for raising their cubs, and this natural situation is reflected here at Fota Wildlife Park,” he said.</p><p>Mr Leahy said the births showed the “vital conservation work and high standards of animal care” at the facility in “helping to protect endangered species”.</p><p>The cubs’ ruffled grey coat and black stripe, thought to be a survival adaptation to imitate more dangerous species to deter predators in the wild, will gradually change to their distinctive spotted coat as they mature.</p><p>Fota Wildlife Park is inviting the public to help name the cubs.</p>', '01_Cheetah_Cubs.avif', 1, 1, 1, '2026-02-23 15:21:14', '2026-02-23 15:21:14'),
(2, 'Are foxes becoming domesticated?', 'Gentle foxes approaching humans, seemingly wanting to play, are going viral on TikTok. ', 'An urban red fox wanders on top of a brick wall. People who see evidence of “self-domestication” in foxes are confusing it with habituation, experts say.', '<p>In a video with over one million views on TikTok, a wild fox plays with what appears to be a ball, letting it roll down a hilly slope and chasing after it. The video is tagged #domesticatedfox. “He probably watched dogs playing fetch from afar,” one commenter writes. “He just wants to be a good boy too.” In another TikTok, a wild fox approaches a human’s outstretched hand. An enamored commenter jokes: \"If not pet, why pet-shaped?\"</p><p>A slew of viral videos on social media have many on the internet speculating that foxes are self-domesticating, meaning they have become more human-friendly over time without any explicit intervention or deliberate breeding.</p><p>But is it true? To be considered domesticated, an animal must experience both behavioral and physical changes; they grow tamer and often evolve to be smaller than the wild animal in some way. “The final clincher is the genetics,” Blake Morton, an animal behaviorist at the University of Hull in the UK, says. It not enough for one generation of an animal to show a softer side to humans. Those behaviors and traits must pass then down to their offspring.</p><p>There\'s evidence some modern foxes are showing some small signs of domestication. One study that found urban foxes had shorter snouts and smaller skulls than rural foxes. And Morton’s own research found urban foxes were “less afraid and more exploratory” than rural wild foxes when given feeder puzzles. That said, Morton is adamant that “none of this is direct proof of domestication.”</p><p>What’s more, the myth of self-domestication could actually be hurting foxes, and that can lead to concerning behavior. “We often see viral images or videos of foxes approaching urban environments, which can fuel the misconception that foxes are self-domesticating,” says Cinthia Abbona, a biologist with the National Scientific and Technical Research Council in Argentina. “Suggesting that wild foxes are on a pathway to domestication risks normalizing practices that can be harmful both to the animals and to humans.”</p><p>Why are foxes near people if they don’t want to be pets?</p><p>Foxes do share some behaviors with dogs, like tail-wagging, which can make them seem friendly. But true self-domestication—among any species—would be extraordinary. \"No animal is known to have truly self-domesticated,\" Abbona says.</p><p>The validity of the concept itself is still debated among scientists, Morton adds. For example, a 2012 study suggested that bonobos may have self-domesticated, growing less aggressive over time.  But that finding has since been challenged \"by studies showing that bonobos aren’t as tolerant as once believed,\" he explains.</p><p>People who see evidence of “self-domestication” are confusing it with habituation, Morton says. Habituation happens when an animal adapts to living with humans after repeated exposure without any negative consequences. Foxes might first be attracted to mild city climates, he explains, and then find ample food there.  “There are lots of rats [to eat] everywhere,” Morton says. “People will feed [foxes] in their gardens.” Then the foxes get used to being around people.</p><p>Trevor Williams—the founder of The Fox Project, which rescues and rehabilitates about 1,500 wild foxes a year in the UK—says even though foxes can find their own food, they’ll take the easy way out first by hanging around humans, who are sure to drop scraps at some point. “I know two [London] restaurants that feed their foxes,” he says. “One\'s an Indian restaurant and one\'s an Italian restaurant, so one lot are getting curry all the time, and the others are getting pasta.”  For the foxes, it’s a crafty meal hack, but they don’t need the help. “They\'re fine [without you],” Williams says. “They\'ll take your handout and then go eat a rat somewhere in the sewage pipe.”</p><p>Williams also thinks that a “significant” number of London’s 15,000 foxes are afflicted with toxoplasmosis, a common parasitic illness; it’s not transmissible to humans from foxes, but it can make animals lose their fear response. In this video with over two million views, for example, a wild fox approaches a human, who sticks out their hand; the nervous fox sniffs it before darting away. (Mani Lejeune, an expert in parasitology at the Cornell University College of Veterinary Medicine, says London foxes aren\'t alone—the global prevalence of toxoplasmosis in foxes is thought to be at least 39 percent, and nearly 50 percent in the U.S.)</p><p>“There isn\'t that natural instinct to just run for it and ask questions later, which is the way foxes would normally behave,” Williams says. “[Foxes in cities] are no more domesticated than a rural animal. They just basically understand us better.”</p><p>Have foxes ever been domesticated in human history?</p><p>Foxes might not want to be our BFFs in this current era, but were they ever?</p><p>Two recent studies suggest foxes may once have been kept as pets: A 2025 study found that indigenous South American cultures had semi-tame pet foxes known as Fuegian Dogs. And in another study, archaeologists found a now-extinct fox species, known as Dusicyon avus, buried with their person, suggesting that man\'s best friend may once have been a fox.</p><p>“What surprised us here was the depth of the relationship suggested by the co-burial, which is rare and strongly symbolic,” says Abbona, a co-author of the D. avus study. “Foxes are usually solitary and not easily tamed.”</p><p>But again, don’t confuse this for true domestication. “For prehistoric hunter-gatherer societies, keeping wild animals was likely far less unusual than it seems to us today,” Abbona says.</p><p>The only record of domesticated foxes comes from a controversial experiment by Russian geneticists, who selectively bred wild foxes for almost 60 years, beginning in the mid twentieth century. With each generation of foxes, geneticists would breed the tamest animals, eventually producing “foxes that licked the hand of experimenters…and wagged their tails when humans approached.”</p><p>It did not end well for many of the foxes: Hundreds who displayed aggressive, wild behaviors—that is, natural fox behaviors—were killed or sold to fur farms or the exotic pet trade.</p><p>“It does take years of science and selective breeding to be able to create a domestic animal,” says Kimberly DeFisher, the president and founder of Arctic Fox Daily Wildlife Rescue, a fox sanctuary in Williamson, New York. But DeFisher, who cares for 35 captive-bred foxes who were abandoned or unwanted after being pets, is quick to call the experiment “unethical.”</p><p>While there are no official statistics, DeFisher estimates that, in the U.S. today, at least 50 percent of “pet” foxes purchased from the exotic pet trade “end up either displaced, euthanized, or illegally released” before they turn one year old once owners realize they’re actually stuck with a wild animal.</p><p>“People think that they are going to be like a puppy, and it\'s because they see these viral videos that show dog-like traits,” she explains. But foxes tend to mark everywhere indoors—“anything that smells new, anything they don\'t like, anything that they want to save for later”—and their pee is “very skunky and musky-smelling,” she adds.  (At her sanctuary, DeFisher regularly films interactions with her rescued wild foxes; the videos offer a unique, realistic glimpse into fox behavior. In a recent reel, Portia—a wild fox who is unreleasable after being stolen from the wild and habituated as a pet—climbs on top of DeFisher’s head and promptly pees on it.)</p><p>Even the 2025 study, which determined that indigenous South American cultures once kept the “semi-tame pet fox,” notes that they were often described as “ill-natured, ferocious, half-wild, and more.” While there is no definitive answer as to how those animals went extinct, one theory in the study posits that they were intentionally replaced by tamer dogs.</p><p>Will we ever have domesticated pet foxes?</p><p>For anyone wishing for a tame pet fox who won’t pee on your head, don’t count your chickens before they hatch. Morton speculates that twenty-first-century self-domestication is out of the question.</p><p>“Definitely not within our lifetimes, and it wouldn’t be for many, many generations,” he says. “It took many thousands of years for dogs to become domesticated.”</p><p>So, what should you do if you come across a fox in the wild—or on a sidewalk?</p><p>Petting is out of the question, and you shouldn’t attempt to hand-feed them, either. For example, if a fox becomes habituated to hand-feeding, they might sniff the hand of a new person and try to nibble it, thinking they’re being offered food.</p><p>That would be a “fatal mistake,” Williams says. In the UK, it’s legal to call a private company “to deal with a fox,” he says. In the U.S., government authorities can take an animal and euthanize them.</p><p>“These videos…they think that this looks really cute and magical, almost a very Snow White–esque feeling,” DeFisher says. “It\'s really not safe for the fox, because if they end up learning to trust this one person, they might get a little bit more relaxed around the next person. And the problem is, most people don\'t see a wild fox coming up close to them as magical. They\'ll panic. They\'ll call authorities.”</p><p>Williams agrees: “Don\'t just assume that wildlife needs you. It doesn\'t, for the most part, need you at all.”</p>', '02_Domesticated_Fox', 2, 1, 1, '2026-02-23 15:21:14', '2026-02-23 15:21:14'),
(3, 'Ireland’s sika deer may face cull following ‘invasive species’ classification', 'State must now devise plan to control the growing numbers\r\n', 'Sika deer were introduced to Ireland in 1860.', '<p>One of Ireland’s best-known wild animals, the sika deer, has been declared an invasive species in the European Union, raising questions around whether it must now be culled.</p><p>The smallest of the country’s three wild deer, sika was added to the EU list of alien invasive species of union concern last summer. Notice that the addition applied to Ireland was only published in recent days.</p><p>Its inclusion means countries must eradicate the deer, control their populations or prevent their arrival in the first place.</p><p>The Irish Deer Commission said members were “scratching our heads” over the move.</p><p>“There was no consultation. It was slipped in quietly,” said spokesman Damien Hannigan.</p><p>“There were proposals within the EU to do this for a while because sika was a relatively new arrival in a number of countries, but Ireland has had them for so long that, while they are not native, they are naturalised.”</p><p>Mr Hannigan said the commission had hoped that if the EU pushed ahead with the proposal, Ireland would seek a derogation.</p><p>The Department of Housing, which speaks for the National Parks and Wildlife Service, said management measures must be in place within 18 months.</p><p>They must ensure the “impact on biodiversity, the related ecosystems services, and, where applicable, on human health or the economy, are minimised”. It did not specify what those measures might be.</p><p>Sika deer, originally from Asia, are growing in numbers and damaging crops, forestry and rewilding efforts.</p><p>In Ireland, where they were introduced in 1860, they also pose a hazard to motorists.</p><p>However, these problems are caused by deer generally as, even with 80,000 sika, red and fallow deer killed each year by licensed hunters, their numbers are increasing.</p><p>Mr Hannigan said the commission accepted the need to manage numbers but did not see how it was technically feasible to separate sika for selective measures.</p><p>John Kelly, invasive species programme manager with the National Biodiversity Data Centre, said managing sika would be complex and it would take time to develop a plan.</p><p>“Having it in the EU list is helpful because it is an added driver to the efforts already under way to manage the country’s deer populations,” he said.</p><p>The Department of Agriculture set up a deer management strategy group in 2022 to explore ways of keeping numbers in check. Culling emerged as the main solution.</p><p>The department did not give details of what other measures might apply to sika deer.</p><p>“While sika deer have been classified as an invasive species, there has been a surge in numbers in all breeds,” it said.</p><p>“There is a need to address this increase and so the management of sika deer will be incorporated into the wider deer management measures.”</p>', '03_Deer', 3, 1, 1, '2026-02-23 15:21:14', '2026-02-23 15:21:14'),
(4, 'Kneecap announce new album Fenian', 'The rap trio’s album is set to be released in April 2026', '“Fenian Forces land tomorrow ...” the band said on social media. Photograph: Supplied', '<p>Belfast hip-hop trio Kneecap have announced they will release a new album this year, with a statement on their social media platforms that said “the Paddies are back”.</p><p>Fenian is due out on April 24th, 2026.</p><p>The group teased the album announcement on Tuesday evening with clips captioned “Fenian Forces land tomorrow ...”</p><p>The album is, according to the band’s statement, “inspired by, and proudly named ‘Fenian’, who were warriors in Irish folklore, and later a derogatory term for the Irish”.</p><p>“Now we’re using it to name everyone speaking truth to power,” the musicians added.</p><p>Fenian is the follow up to Kneecap’s critically acclaimed record Fine Art, which received a five star review from the Irish Times.</p><p>The group has been the subject of multiple legal battles involving the UK government, after band member Liam Ó hAnnaidh was accused of displaying a flag in support of proscribed terrorist organisation Hizbullah at a gig in November 2024.</p><p>The case was dismissed at London High Court in September 2025 on a technical error in the way Ó hAnnaidh was charged.</p><p>However, the UK Crown Prosecution Service’s (CPS) appealed the judge’s decision to throw out the case against the rapper in January 2026.</p><p>The band said Fenian was not “a swift reaction, but a considered response to those that tried to silence us. And failed”.</p><p>Fenian will be released via Heavenly Records.</p><p>Fans of Kneecap can tune into BBC Radio 1 with Jack Saunders on Wednesday at 7.30pm or head over to the group’s YouTube for the video premiere of their new single, Liars Tale.</p>', '04_Kneecap', 4, 4, 4, '2026-02-23 15:21:14', '2026-02-23 15:21:14'),
(5, 'Cillian Murphy and Barry Keoghan feature in first Peaky Blinders movie teaser trailer', 'Irish actors to appear alongside new series cast members Rebecca Ferguson and Tim Roth', 'Peaky Blinders The Immortal Man: Barry Keoghan (left) and Cillian Murphy (right) as Tommy Shelby. Photograph: Robert Viglasky/Netflix/PA Wire', '<p>Two stars of Irish acting are united as Cillian Murphy meets Barry Keoghan in the first look at the eagerly anticipated Peaky Blinders film.</p><p>Murphy questions his identity as “famous gypsy gangster” Tommy Shelby in the 70-second teaser released by Netflix on Christmas Eve.</p><p>The film sees Tommy driven back from a self-imposed exile amid the chaos of the second World War. In the trailer, a voiceover says: “Whatever happened to Tommy Shelby? The famous gypsy gangster.”</p><p>Shelby says “I’m not that man any more”, and a separate clip shows him walking with his head held down while wearing his distinctive bakerboy cap after a woman’s voice says: “Tommy, you’ve got to come back.”</p><p>Viewers are also offered a glimpse of Keoghan’s character, who wears a white vest top with tattoos on his arms.</p><p>The forthcoming movie serves as a continuation of the hit BBC drama series, which followed the rise of the Birmingham crime family the Shelbys.</p><p>The show’s six seasons spanned the end of the first World War through the end of prohibition in the US.</p><p>Returning cast members include Sophie Rundle as Ada Shelby, Stephen Graham as union convener Hayden Stagg, and Packy Lee as Tommy’s friend Johnny Dogs.</p><p>Saltburn actor Keoghan, Dune actor Rebecca Ferguson and Reservoir Dogs star Tim Roth are among the new additions.</p><p>The film has been directed by Tom Harper and written by creator Steven Knight, who is to write the next James Bond film.</p><p>Peaky Blinders: The Immortal Man premieres in cinemas on March 6th next year and will be available on Netflix from March 20th.</p><p>In October, the BBC announced Peaky Blinders would return with two new series focusing on a “new generation of Shelbys”.</p><p>The spin-off series is set in 1953, years after the events of the forthcoming feature film, and is to be filmed at Digbeth Loc Studios in Birmingham.</p><p>Murphy (49) will return to executive produce but it has not been disclosed if he will reprise his role as the protagonist.</p><p>The spin-off is the latest incarnation in the Peaky Blinders universe after Rambert Studios’ ballet about Tommy.</p><p>The sixth series, which was broadcast in 2022 and was billed as the final series, saw Tommy almost shoot himself after being given false information that he had a brain tumour.</p><p>Peaky Blinders first aired on BBC Two in 2013, before getting picked up by Netflix in 2014, where it gained a global following and launched Murphy to international fame along with co-stars Tom Hardy, Anya Taylor-Joy and the late Helen McCrory.</p><p>The drama, which also triggered a surge in popularity of the flat cap, moved to BBC One in 2019 after a Bafta win for best drama series for its fourth season. – Guardian</p>', '05_Peaky_Blinders', 5, 4, 1, '2026-02-23 15:21:14', '2026-02-23 15:21:14'),
(6, 'Dublin Film Critics Circle awards 2025: Sinners wins near unprecedented number of categories', 'Big winners among Irish productions were Sinéad O’Shea’s Blue Road: The Edna O’Brien Story and Brendan Canty’s Christy', 'Michael B Jordan as Smoke in Sinners. Photograph: Warner Bros', '<p>Ryan Coogler’s Sinners, a busy historical epic that takes in vampirism, racial politics and the birth of the blues, has proved the big winner at the annual awards from Dublin Film Critics Circle (DFCC).</p><p>The film topped the poll in a near-unprecedented five categories: best film, best director, best actor, best screenplay and best cinematography. This is an impressive result for a genre piece that, though from a respected film-maker, did not, at the start of the year, look like the kind of project that wins awards.</p><p>“We were definitely hoping for it to do well,” Coogler, who is also the director of Creed and Black Panther, told The Irish Times in November. “There were a lot of calculated risks that we took on this movie. We bet on ourselves.”</p><p>Michael B Jordan, who took the best-actor prize from the Dublin critics, plays African-American twins who set up a speakeasy in 1930s Mississippi.</p><p>Already the recipient of seven nominations at the Golden Globes, Sinners is expected to score similarly well at the upcoming Oscar nominations, but it will face fierce competition from Paul Thomas Anderson’s One Battle After Another.</p><p>That huge political comedy has scored best-film wins from New York Film Critics Circle, Los Angeles Film Critics Association and Boston Society of Film Critics. In Dublin it had to settle for second place in best film, best screenplay, best director and, for Leonardo DiCaprio, best actor. Emma Stone took best actress for her turn in Yorgos Lanthimos’s Bugonia, produced by the Dublin-based Element Pictures.</p><p>The big winners among Irish productions were Sinéad O’Shea’s Blue Road: The Edna O’Brien Story and Brendan Canty’s Christy. O’Shea’s film has, since a premiere at Toronto International Film Festival in late 2024, been picking up plaudits around the world.</p><p>It won best overall documentary from the DFCC and was runner-up to Canty’s lively social-realist picture in best Irish film. O’Shea’s study of a much-loved Irish writer was a sizeable hit on its Irish release in 2025.</p><p>Canty, a Cork film-maker previously best known for the music video for Hozier’s Take Me to Church, took the award for best Irish breakthrough. Eva Victor, director of the singular serious comedy Sorry, Baby, secured the gong for best international breakthrough.</p><p>DFCC paid tribute to their former member Philip Molloy, who died in June. The Wexford-born critic and journalist was a regular voter in the group’s polls. “He was truthful. You always felt he said exactly what he felt without any intention to harm or hurt,” the director Jim Sheridan said at the time of Molloy’s death.</p><p>The circle, whose president is Tara Brady of The Irish Times, gathers votes from the capital’s professional film critics once a year. Winners of best film in previous years have included An Cailín Ciúin, The Power of the Dog, Brokeback Mountain and The Zone of Interest.</p><p>The poll lands as the international awards season kicks into busy pre-Christmas gear. Earlier this week the Academy of Motion Picture Arts and Sciences announced the shortlists – perhaps better called longlists – in 12 categories, ahead of the Oscar nominations being announced on January 22nd.</p><p>Two Irish films have been named among the 15 listed for best animated short. Giovanna Ferrari’s Éiru, from Kilkenny’s unstoppable Cartoon Saloon, follows a child as he descends into a mysteriously emptied well. John Kelly’s Retirement Plan features Domhnall Gleeson’s voice in the tale of a man looking forward to a quiet life after work. Five titles will go on to the Oscar competition.</p><p>Dublin Film Critics Circle awards 2025</p><p>Best film</p><p>Sinners</p><p>One Battle After Another</p><p>Train Dreams</p><p>The Brutalist</p><p>It Was Just an Accident</p><p>Sentimental Value</p><p>Flow</p><p>I Swear</p><p>Weapons</p><p>Vermiglio</p><p>Best director</p><p>Ryan Coogler, Sinners</p><p>Paul Thomas Anderson, One Battle After Another</p><p>Brady Corbet, The Brutalist</p><p>Jafar Panahi, It Was Just an Accident</p><p>Dea Kulumbegashvili, April</p><p>Best actor</p><p>Michael B Jordan, Sinners</p><p>Leonardo DiCaprio, One Battle After Another</p><p>Joel Edgerton, Train Dreams</p><p>Adrien Brody, The Brutalist</p><p>Robert Aramayo, I Swear</p><p>Best actress</p><p>Emma Stone, Bugonia</p><p>Renate Reinsve, Sentimental Value</p><p>Jennifer Lawrence, Die, My Love</p><p>Marianne Jean-Baptiste, Hard Truths</p><p>Leonie Benesch, Late Shift</p><p>Best screenplay</p><p>Ryan Coogler, Sinners</p><p>Paul Thomas Anderson, One Battle After Another</p><p>Jesse Eisenberg, A Real Pain</p><p>Jafar Panahi, It Was Just an Accident</p><p>Brady Corbet, Mona Fastvold, The Brutalist</p><p>Best Irish film</p><p>Christy</p><p>Blue Road: The Edna O’Brien Story</p><p>Frewaka</p><p>Beat the Lotto</p><p>Testimony</p><p>Best documentary</p><p>Blue Road: The Edna O’Brien Story</p><p>Testimony</p><p>Sanatorium</p><p>A Want in Her</p><p>The Perfect Neighbour</p><p>Best cinematography</p><p>Autumn Durald Arkapaw, Sinners</p><p>Lol Crawley, The Brutalist</p><p>Adolpho Veloso, Train Dreams</p><p>Michael Bauman, One Battle After Another</p><p>Claudio Miranda, F1 – Arseni Khachaturan, April (tie)</p><p>International breakthrough</p><p>Eva Victor, Sorry, Baby</p><p>Irish breakthrough</p><p>Brendan Canty, Christy</p>', '06_Film_Critics', 6, 4, 1, '2026-02-23 15:21:14', '2026-02-23 15:21:14'),
(7, 'The success of Kingfishr’s Killeagh: A song made in 20 minutes that started ‘as a joke’', 'Success of Kingfishr’s Killeagh, written ‘as a joke’ about the parish’s hurling team, has been just one high point in the biggest year of the folk trio’s lives', 'Kingfishr: The three friends, hailing from Wexford, Tipperary and Cork met while studying hardware engineering at UL', '<p>They’ve travelled the highways and byways of Ireland, Britain, the Continent, the US and beyond in 2025, but one thing’s for certain: Kingfishr, or at least their guitarist Eoin “Fitz” Fitzgibbon, will get a hero’s welcome when he arrives home in Killeagh this Christmas.</p><p>There isn’t a statue of Fitzgibbon erected in his native village in east Cork yet, but surely it’s only a matter of time. They have, however, given the sign for the Páirc Uí Chinnéide a new lick of paint. “Yeah,” nods Fitzgibbon bashfully, “they’re fairly proud down there.”</p><p>The success of Kingfishr’s song Killeagh, written “as a joke” about the parish’s hurling team and “thrown together in 20 minutes”, has been just one high point in the biggest year of the folk trio’s lives. The song, with lyrics like “They’d go rarin’ and tearin’ and fightin’ for love / For the land they call Killeagh and the Lord up above” and a soaring singalong chorus, quickly became an anthem.</p><p>“I remember thinking that it was the cleanest thing we’d written,” concedes frontman Keogh, from a hotel lobby in “the sticks of America”, where the band are on tour when we speak. “It was as bare-boned as possible and was still a song that had a really good story. Ultimately that’s what all this stuff is; it’s just stories, no matter who the musician is. And maybe we’ve tapped into that.”</p><p>The three friends, hailing from Wexford (Keogh), Tipperary (banjo player Eoghan “McGoo” McGrath) and Cork (Fitzgibbon) met while studying hardware engineering at UL. They began playing music together during the pandemic, as a way to break up the drudgery of the study-gaming-sleep cycle during lockdowns, but have cultivated a phenomenally loyal fan base in a short space of time.</p><p>They still have a wide-eyed wonderment about it all, too; “it’s absolutely scandalous” has become Keogh’s go-to catchphrase to describe the constant snowballing of their success, including their debut album Halcyon (released in August) hitting number one in Ireland and breaking the Top 10 in the UK album charts.</p><p>Their gigs at Dublin’s Fairview Park in June and Electric Picnic in August were tipping points, they all agree, in a year that has been filled with hard-to-fathom moments.</p><p>“Our front-of-house sound engineer hates working with us because our crowds are too loud,” says McGrath, laughing. “When we sang Killeagh we couldn’t continue the show because the crowd were just screaming and screaming.” A sound-level meter “clocked 127 decibels, which is the sound of a jet engine”, he adds.</p><p>“That just blew my socks off; I’d never experienced anything like that. So moments like that do allow you to reflect. We’ve got a couple of days off at Christmas, and it’ll probably hit us all like a truck – but we’ll be back in shape come January.”</p><p>They are looking forward to a break at Christmas, when they will return to their respective hometowns to catch up with their families, friends and girlfriends.</p><p>“We’ll be the lads coming home from Australia for Christmas,” jokes Fitzgibbon. “We’ll be them fellahs in the pub on Christmas Eve now, with the big heads on us. We’ll live a normal life for a couple days, and see how that works out.”</p><p>Being away from home so much, says Keogh, has given him a new understanding of Christmas. “And it’s amazing; the band has done so much in terms of the family,” he says. “We all have people that fell out, and aunts and uncles that aren’t talking. But now there’s all these WhatsApp group chats saying ‘Oh, we’ll go to the gig,’ and now they’re all back talking.” He smiles broadly. “That’s probably the thing I’m most proud of about the band – that it’s done so much in terms of steadying the waters.”</p><p>As for next year? Considering everything that has happened over the last 12 months, 2026 is looking particularly dazzling for Kingfishr, with their biggest headline gigs yet scheduled for next summer. Album number two is also already in the works.</p><p>“To be honest, it’s scandalous what’s going on,” he says, as his bandmates nod in agreement. “We’re trying our best not to take it for granted or let it become normal. I find myself some days waking up and thinking that this is real life, but clearly it isn’t. You go to bed in North Carolina, you wake up in Pittsburgh, and you’re ringing the lads at home, and they’re like, ‘I’m in work here. I’ll call you back later’, and you’re like, ‘Oh yeah.’ So this is all a complete dream.” He shakes his head again.</p><p>“And as for 2026, who knows? I haven’t a clue. We just have to keep writing and telling the stories that matter to us, I guess.”</p><p>Kingfishr play the 3Arena, Dublin on December 18th and 19th, and Dublin’s Malahide Castle and St Anne’s Park next June. See kingfishr.ie for full listings.</p>', '07_Kingfishr', 7, 3, 1, '2026-02-23 15:21:14', '2026-02-23 15:21:14'),
(8, 'Shining scars: The 10 best Stephen King movies, in reverse order', 'With four new King adaptations released this year alone, it’s a good time to chart the best from the past 50 years', 'The Shining: Jack Nicholson in Stanley Kubrick\'s 1980 film', '<p>Hollywood has been churning out adaptations of Stephen King stories since Gerald Ford was president of the United States.</p><p>The process began slowly – not least because there weren’t, at first, that many books to adapt – placing a good four years between Brian De Palma’s Carrie, in 1976, and Stanley Kubrick’s The Shining, in 1980. But, by the time Ronald Reagan left office, King Adaptation Inc was a subindustry in itself.</p><p>One reason to attempt a top 10 now is that we’ve had four theatrically released King yarns this year alone: Osgood Perkins’s The Monkey in February, Mike Flanagan’s The Life of Chuck in August, Francis Lawrence’s The Long Walk in September and, out this week, Edgar Wright’s The Running Man.</p><p>By one calculation (please don’t ask for our maths), The Running Man is the 50th movie adapted directly from a King text to achieve theatrical exhibition. That is some achievement.</p><p>Nobody – not even one S King of New England – would claim the quality is consistent. Such atrocities as Silver Bullet, The Dark Tower and (directed by King himself) Maximum Overdrive did not much trouble the scorers. But the top 10 confirms an extraordinary ability to build story in a way that comfortably accommodates the unforgiving gawp of the movie camera.</p><p>King’s core métier is, of course, horror, but at least two titles here are not remotely in that genre. Two more are, at most, barely horror adjacent. It is his gift for teasing and tantalising that wins over screenwriters. If his characterisation is sometimes glib, that only allows more space for good actors to stretch out and extemporise.</p><p>There is half a century of adaptation here. Maybe the bloke needs an honorary Oscar.</p><p>10. The Running Man</p><p>Paul Michael Glaser, 1987</p><p>Two entries in this list come from the books King wrote under the pseudonym Richard Bachman. The Running Man, published in 1982, was among that unnamed class of dystopian science-fiction yarn that imagines a futuristic re-creation based around the violent annihilation of participants: Death Race 2000, Rollerball, The Hunger Games, Battle Royale and so on, up to the other Bachman adaptation listed below. Arnold Schwarzenegger, reaching the apex of his fame, played the “runner” who must evade professional killers for the amusement of a TV audience. Vincent Canby, writing in the New York Times, saw the film as “an engagingly mean, cruel, nasty, funny send-up of television”. That satirical bite has even more relevance now. Edgar Wright’s incoming adaptation replaces Schwarzenegger with Glen Powell.</p><p>9. The Long Walk</p><p>Francis Lawrence, 2025</p><p>So, yes, here is the other “Bachman book” about dystopian re-creations for the entertainment of a cynical, despairing public. Cooper Hoffman and David Jonsson are among a party of Americans who, in time of postwar depression, find themselves engaged in a nation-spanning walk whose fascist organisers put a bullet in the head of anyone dawdling more than allowed. There are reminders of the films listed in the entry above, but the true antecedent seems to be the marathon dancing competitions – documented in Sidney Pollack’s They Shoot Horses, Don’t They? – that offered conditional relief during the Great Depression. Less violent than many King joints, but the relentlessness of the misery makes it a genuinely tough watch.</p><p>8. The Dead Zone</p><p>David Cronenberg, 1983</p><p>What was that we were saying earlier about the satire being more relevant now than it was at time of release? Christopher Walken plays a man who, after acquiring the ability to see a person’s future just by touching them, learns that, if unchecked, a rising politician (Martin Sheen as, for once, an anti-JFK) will go on to become president and precipitate nuclear annihilation. There are pointers towards King’s 23/11/63, his best book this century, in the protagonist’s moral unease at altering an apparently predestined future for a US leader. It is interesting to note that the only collaboration between King and Cronenberg, though roughly in horror territory, trades their mutual taste in gore for a more restrained unease.</p><p>7. The Mist</p><p>Frank Darabont, 2007</p><p>With The Green Mile and The Shawshank Redemption, Darabont was already established as among the most celebrated cinematic interpreters of King. His third assault on Stevo finally saw him getting around to a bit of horror. Based on a story the author first conceived as long ago as 1976, The Mist stars Thomas Jane as a father who, with family in tow, becomes barricaded in a supermarket as a mysterious vapour envelopes the surrounding area. This is one of several King adaptations that revels in throwing clashing personalities together in claustrophobic circumstances. Marcia Gay Harden is characteristically off the scale as a religious maniac who believes the visitation is a punishment from God. For fear of spoilers, we will say no more than the ending is something else.</p><p>6. The Shawshank Redemption</p><p>Frank Darabont, 1994</p><p>It’s not quite correct to say Darabont’s prison drama landed to little fanfare. The film got strong reviews and secured seven Oscar nominations, including one for best picture. But, released in the same season as Pulp Fiction and Forrest Gump, Shawshank did not set the box office alight. It was a sensation on VHS, however, ending 1995 as the most rented film of the year. It subsequently became the highest-rated film ever at the Internet Movie Database and, with occasional challenges from The Godfather, has remained there ever since. What makes so many think it the best film of all time? Humanity, wit, generosity and an appeal across all demographics. Even in 1994, it was “the kind of film they don’t make any more”.</p><p>5. Misery</p><p>Rob Reiner, 1990</p><p>Famously, every actor in Hollywood was offered the role of Paul Sheldon, romance author taken captive by Kathy Bates’s superfan, before each decided they didn’t want to spend an entire film in bed. William Hurt, Kevin Kline, Michael Douglas, Harrison Ford, Dustin Hoffman and Robert De Niro are just a few who said no. Reiner eventually settled on a then-underemployed James Caan and delivered an economically unsettling chamber piece that positions its beats with near genius. Once again, the cliche “more relevant than ever” seems apt. In the internet age we are more aware than ever of how many have been driven insane by fandom. Bates deservedly won an Oscar for her turn as Annie Wilkes. “He didn’t get out of the cockadoodie car!”</p><p>4. Stand by Me</p><p>Rob Reiner, 1986</p><p>Rob Reiner again! Back in 1986, audiences were surprised to discover that King wasn’t just in the business of scaring you to death. This painfully nostalgic piece – the author is forever looking back at troubled childhoods in compromised Arcadia – stars a first-rate juvenile cast in the tale of four chums searching out a rumoured dead body. It is 1959, and the film seems aware that a certain version of the United States is about to be annihilated in the coming turbulent decade. Notable for giving a prominent role to the electrifying River Phoenix. Also notable for Reiner moving to the third stage of an incredible seven-film run that lasted from This Is Spinal Tap, in 1984, to A Few Good Men, in 1992.</p><p>3. Dolores Claiborne</p><p>Taylor Hackford, 1995</p><p>Kathy Bates again! Surely the most underrated adaptation in the list, Hackford’s take on a 1992 King novel rediscovers the melodramatic energies of great “women’s pictures” from Hollywood’s golden age. The title alone points back to classics, named for their dogged heroines, such as Stella Dallas and Mildred Pierce. (Both those earlier films also have much to do with mother-daughter tensions.) Bates stars as an ill-tempered woman accused of murdering her disabled employer. Jennifer Jason-Leigh is her troubled journalist daughter, returning from New York to grudgingly support Mom in an hour of need. Hackford layers on the fan-your-armpits theatrics with a solar eclipse in the film’s later stages, but committed performances from the women leads just about keep it grounded. A supreme entertainment in a grand tradition.</p><p>2. The Shining</p><p>Stanley Kubrick, 1980</p><p>There has been much exaggeration of Kubrick’s supposedly abusive behaviour towards Shelley Duvall on set. “He was very warm and friendly to me,” she later clarified. But it is true the film received many stinky reviews on release and garnered a “worst director” nomination at the inaugural, always-idiotic Razzie Awards. It is also true that King objected strongly to the adaptation – later making his own silly TV version – and never fully recanted that view. All of this seems baffling now. Unique in its dedication to grandiose manifestations of insanity, the picture is pored over for hidden meanings and subversive subtexts. Steven Spielberg remembered questioning the hugeness of Jack Nicholson’s performance to Kubrick and being told that is how Jimmy Cagney might have done it. Fair point.</p><p>1. Carrie</p><p>Brian De Palma, 1976</p><p>fter all that, we end up back where we started. King’s first novel. The first feature adaptation of a King story. De Palma was already greatly celebrated among cineastes, but it was not until Carrie, his ninth film, that he secured a genuine box-office hit. The film is most remembered for its phantasmagorical finale, but, to that point, it has, as much as anything else, been a psychological drama about the cruelties of family and of the American high school. Sissy Spacek and Piper Laurie were transcendent as troubled introspective teen and deranged religious mother. Even Roger Ebert, often cool on horror cinema, was evangelical in his praise. He raved it was no manufactured horror but “a real one, in which the horror grows out of the characters themselves”.</p><p>Favourites that missed out?</p><p>The Green Mile greatly outstays its welcome. Christine can’t get past the silliness of its high concept. Doctor Sleep, the sequel to The Shining, exists only to remind you of the original’s brilliance. The recent Life of Chuck is mawkish nonsense.</p>', '08_Stephen_King', 8, 3, 2, '2026-02-23 15:21:14', '2026-02-23 15:21:14'),
(9, 'National Park reveals five-year environmental plan', 'A five-year plan has been unveiled by a National Park to tackle issues including nature loss, flooding and water shortages.', 'The proposed plan spans over five years', '<p>A five-year plan has been unveiled by a National Park to tackle issues including nature loss, flooding and water shortages.</p><p>The South Downs National Park Authority (SDNPA) said the partnership management plan had been developed over 18 months and came after several rounds of consultation.</p><p>It added that a partnership management plan was the \"most important document\" for any National Park as it outlined what the authority and its partners wanted to deliver over the next five years.</p><p>The plan came after a government assessment on national security, released in January, concluded that continued biodiversity loss and ecosystem collapse posed serious risks to food security, energy and water supplies.</p><p>A target for the SDNPA was to increase tree canopy and woodland cover by 4,200 football pitches (2,625 hectares) by 2031 to help store carbon, soak up water and create vital new wildlife havens.</p><p>It also aimed to restore or create more than 3,300 hectares (8,154 acres) of wildlife-rich habitats by 2031 and to absorb more greenhouse gases from the atmosphere in a bid to help tackle climate change.</p><p>The park says the plan is also the next step towards the it\'s vision for 2060, to have a \"thriving, buzzing nature-rich South Downs\".</p>', '09_National_Park', 9, 2, 5, '2026-02-23 15:21:14', '2026-02-23 15:21:14'),
(10, 'Nature loss is a national security risk, intelligence group warns', 'The decline in the health of nature around the world poses a threat to the UK\'s security and prosperity', 'UK national security is threatened by the loss of biodiversity in ecosystems like the Amazon rainforest, the new report says', '<p>The decline in the health of nature around the world poses a threat to the UK\'s security and prosperity, an intelligence committee has concluded in a long-awaited report.</p><p>The document warns of \"cascading risks\" from the degradation of some of the planet\'s most important ecosystems, including conflict, migration and increased competition for resources.</p><p>Pointing to the UK\'s reliance on ecosystems that are \"on a pathway to collapse\" – such as the Amazon rainforest – the report warns of rising food prices and says that UK food security could be at risk.</p><p>In response, the government said that nature underpinned the UK\'s security and prosperity and that the report would help it prepare for the future.</p><p>The 14-page report was officially published by the Department for Environment, Food and Rural Affairs (Defra). But the BBC understands it was put together by the Joint Intelligence Committee, which oversees the security services, in addition to input across government.</p><p>The report draws on scientific research and expert judgement to assess a \"reasonable worst case scenario\" for the impacts of nature loss on the UK\'s security.</p><p>It highlights six ecosystem regions which it calls \"critical for UK national security\", based on the likelihood of these ecosystems collapsing and the impacts were they to do so.</p><p>They include the rainforests of the Amazon and the Congo basin, the boreal forests of Russia and Canada, the coral reefs and mangroves of South East Asia, and the Himalayas.</p><p>These ecosystems are on the \"pathway to collapse\", the report says, if current rates of nature loss continue. But exactly when this would happen – and how long it would take – is uncertain.</p><p>The report draws attention to several possible impacts on the UK\'s security from ecosystem degradation and collapse, from rising migration and geopolitical competition to a higher risk of pandemics and economic insecurity.</p><p>But perhaps the strongest words are reserved for the potential consequences for UK food supplies.</p><p>The report says that ecosystem degradation or collapse \"will challenge the UK\'s food security\", pointing to its reliance on global markets for food and fertiliser.</p><p>If major food-producing regions were hit, some foods would become scarcer, driving up prices globally and potentially restricting choice, the report says.</p><p>But the report warns that the UK is \"unable\" to be food self-sufficient at present based on current diets and prices – and full self-sufficiency would also require \"very substantial price increases\" for consumers.</p><p>However, some technologies, like regenerative agriculture or lab-grown protein, could help with further research and investment, the report adds.</p><p>Gareth Redmond-King, head of international programme at the Energy and Climate Intelligence Unit, said that weather extremes fuelled by climate change were already hitting food production in some parts of the world.</p><p>\"This is a cost-of-living crisis, driving up food prices on supermarket shelves for UK households,\" he said.</p><p>In response to the new report, a Defra spokesperson said: \"The UK has a resilient food system and remains one of the most food-secure nations in the world.</p><p>\"We have access through international trade to food products that cannot be produced here, which supplements domestic production and ensures that any disruption from risks such as adverse weather or disease do not affect the UK\'s overall security of supply.\"</p><p>The document should have been published in October but was delayed. The Times reported that No 10 had blocked the report\'s release owing to fears it could be considered too negative. A government source did not dispute this interpretation when asked by BBC News.</p><p>The government has faced accusations from some green groups that it is retreating from its promises to protect nature.</p><p>At November\'s COP30 climate summit in Brazil, the UK failed to commit public funds to Brazil\'s \"Tropical Forests Forever Facility\", its flagship fund to try to protect these ecosystems.</p><p>The government cited pressures on the economy and has repeatedly said that it hopes to contribute to the fund in the future, and that it will encourage private sector investment.</p><p>And in December, the government was accused of loosening protections for nature to try to boost house building.</p><p>However, the government points to its investments in flood defences and funds to support sustainable food production as evidence of its efforts to protect the UK from climate change and nature loss.</p><p>Despite conservation efforts, global biodiversity is deteriorating quickly, driven by habitat loss, climate change, invasive species and other factors.</p>', '10_Nature_Loss', 10, 2, 1, '2026-02-23 15:21:14', '2026-02-23 15:21:14');
INSERT INTO `stories` (`id`, `headline`, `short_headline`, `subheadline`, `article`, `img_url`, `author_id`, `category_id`, `location_id`, `created_at`, `updated_at`) VALUES
(11, 'James Cameron: \'I think this is the riskiest Avatar\'', 'On the list of the highest-grossing films of all time, Cameron is in first (2009\'s Avatar), third (2022\'s Avatar: The Way of Water)', 'James Cameron returns with his biggest and longest Avatar adventure to date,', '<p>With Avatar: Fire and Ash, James Cameron returns with his biggest and longest Avatar adventure to date, a 71-year-old who still has the energy of a 10-year-old on their first visit to Funderland and who, by current estimates, could sign off with his final film in the franchise at the age of 77 in 2031.</p><p>On the list of the highest-grossing films of all time, Cameron is in first (2009\'s Avatar), third (2022\'s Avatar: The Way of Water), and fourth (1997\'s Titanic) place, so, once again, it\'s all eyes on the box office as Fire and Ash arrives in time for Christmas.</p><p>Below, the legendary director discusses the challenges of bringing his latest blockbuster to the big screen, the visual effects work of Irish double Oscar winner Richard Baneham, and why Fire and Ash is \"the riskiest\" of the Avatar films to date.</p><p>Harry Guerin: Physically and mentally, was Avatar: Fire and Ash the hardest Avatar film to get over the line?</p><p>James Cameron: Interestingly enough, we had spent a lot of R&D time and money in between the first film and then the sequels, because two and three together were one production. They\'re one big story. The story ends with this film. And that actually paid off, such that as we were finishing film two, The Way of Water, you know, there were still a lot of people running around with their hair on fire, but we got it all worked out. So now, it became a much smoother system as we were finishing film three, which became Fire and Ash when I finally thought of a title for it. (Laughs)</p><p>But 3,500 visual effects shots - every single shot in the film being a visual effects shot - that really paid off, that technical development really paid off. And I could really focus on the editing and the telling of the story. I didn\'t have to worry about the making of the shots. I could worry about the telling of the story, which is good, because this one got very snaky on me in post[-production]. I started to question some of my assumptions, and I went back.</p><p>I asked the actors to come back, and I said, \'Let\'s do this. Let\'s do that.\' And we actually shot some new material, which we\'re quite excited about. I realised that the beauty of performance capture is we can recreate any location, any set, any scene very, very quickly - I mean, in a matter of a couple of hours - so it allowed us to go back. And the actors always love to come back. Avatar is kind of their home base from which they go off and make the other films, but it always... it kind of grounds them, and they look forward to coming back. [It\'s] Kind of like getting the band back together. So, it was a little bit of a journey, I would say, in post-production.</p><p>You\'re reunited with your Irish colleague, Avatar\'s two-time visual effects Oscar winner Richard Baneham, on Fire and Ash. Can you talk to me about how that relationship has evolved over the years and his work as an executive producer on this film?</p><p>Yeah, well, we\'re not reuniting, because Richie never went anywhere! We\'ve been working together pretty much non-stop since, let\'s see, 2005/2006. I did go off for a little bit and do a deep-ocean expedition. I call it \'time off for good behaviour\'! But more or less consistently, for about 18 years, [Richie and I have worked together].</p><p>Over time, what I\'ve found is I\'m a bit of the bottleneck of the production, because everything flows through me. I operated all of the virtual cameras and all the live-action cameras, except for Steadicam, on the first movie. I started to relax that standard on the second film, and much more so on the third film, and give a lot of that to Richie.</p><p>I still operate the live-action [camera], but in terms of the virtual camera, he\'s become my sort of virtual second-unit director, if you will. So, a lot of the shot creation falls onto him as well. He supervises the animation and the character development in the CG pipeline and all that. And he\'s there when I capture with the actors and seeing what they\'re doing. Then it\'s kind of his responsibility to make sure that nothing is lost through that long and arduous pipeline of facial capture, body capture, all that sort of thing, and stay very, very true to what Sigourney [Weaver] or Kate Winslet or any of the other actors have done.</p><p>So, he\'s got that responsibility, and he also works with me and we share the task on shot creation. So, he\'s moved into taking on essentially part of the directing role. And I\'m grateful for it, because now I\'m less of a bottleneck and I can focus. I can slow down a little bit, and I can focus on editing. I really love the editing. To me, that\'s where the film really tells us what it\'s trying to be. I\'ve been talking to other directors about this recently and saying, \'Don\'t you guys find that the film in post[-production] is... it\'s almost, like, received? It\'s almost like it\'s finding its own path and we\'re just a conduit for it?\' Which is, you know, my new kind of perspective on the whole process. Richie and I are great mates. We work well together.</p><p>I was fascinated in this film how you worked in grief with the environmental message and the action. Can you talk to me about that, please?</p><p>I think that the way to engage people is not just through the visual, not just through the visual imagination, but through their heartfelt connection with the characters. I wanted to take the characters into places where they felt challenged, where their relationships were at risk. You know, where they were dealing with hard things.</p><p>It\'s kind of an interesting aspect of cinema that we\'ll go to the cinema, and we\'ll go through hard problems with the people on the screen, and yet that is an escape from our daily lives. It\'s not just about frolicking through the beautiful fields and forests of Pandora. It\'s about engaging the mind and the heart - not just the visual cortex, but the heart - with the audience. To me, that\'s a true theatrical experience. The same way that Titanic was. I felt the first Avatar film had a lot of... It was gorgeous, it was unexpected, but it didn\'t take you deep the way as a dramatist - as somebody who writes these things as well - that it didn\'t go as deep as I wanted to go.</p><p>The cast were ready. We trusted each other. We were ready to launch into a lot of territory where maybe the audience would be a bit challenged. The audience loves Neytiri (played by Zoe Saldaña). She\'s great; she\'s this fantastic warrior; she\'s this loving mother. I wanted to push her to a point where the audience felt she was at risk, really at risk of becoming a racist, of being hateful and \'downtwisted\' to the point that she was on a path to become like Varang (played by Oona Castilla Chaplin) and the Ash People. That\'s why they exist in the movie, to show what that outcome could look like if you take that hate and that intolerance to the conclusion.</p><p>As Lo\'ak (played by Britain Dalton), the youngest son, says, \'The fire of hate leaves only the ash of grief.\' But the part that he doesn\'t complete is, \'And that ash of grief leads to the fire of hate again in an endless cycle.\' And that cycle is referred to with the Tulkun (Avatar\'s whale-like creatures) talking about the endless expanding spiral. And we see that. We see that in Ukraine. We see it in Gaza. We see it in Sudan. I mean, this is going back throughout human history. It\'s always amazing to me that people will escape their lives into an otherworldly story that takes place in this phantasmagorical universe, and yet what they confront there is a mirror of ourselves.</p><p>When you\'ve completed all the Avatar films, what do you think the riskiest thing you could do as a director is, as someone who always loves a challenge?</p><p>Right. Well, I love to take... I mean, there are financial risks. The whole business model of the Avatars is risky, because we\'re spending a lot of money to make a lot of money on a narrow margin, right? I feel kind of done right now. I feel this kind of button\'s off, in a nice way. If we\'re going to leap into that again, I want to think about what I really have to say and need to say with any future films. And I\'m not at that point yet.</p><p>So let me answer your question as if I\'m done right now as a director. I think this is the riskiest of the films. The first film and this one. The first film because it was an unproven technique. It was a new form of cinema. It was new physics, right? That was risky. And we spent a lot of money doing it, and, fortunately, it worked. This film is riskier dramatically, because we\'re not doing what the audience thinks they want, which, of course, they don\'t really want. What they really want is to be surprised and taken on a swerve to some new place. The riskiest thing is not to take the risk - in any form of cinema, in any form of storytelling - and I always say that. But the question is: are you taking the right risks?</p>', '11_Avatar', 11, 4, 1, '2026-02-23 15:21:15', '2026-02-23 15:21:15'),
(12, 'Thor Is Ready To Fight For Love In Avengers: Doomsday Teaser Trailer', 'But now that we know Cap\'s back, let us ask this: are you thirsty for Thor?', 'Last week\'s Avengers: Doomsday teaser trailer brought with it definitive confirmation that Chris Evans\' Steve Rogers — aka America\'s Ass, aka Captain America — will be returning', '<p>Last week\'s Avengers: Doomsday teaser trailer brought with it definitive confirmation that Chris Evans\' Steve Rogers — aka America\'s Ass, aka Captain America — will be returning to take on Robert Downey Jr.\'s Doctor Doom in the Russo Brothers\' latest superhero battle royale. But now that we know Cap\'s back, let us ask this: are you thirsty for Thor? If the answer to that question is yes (which, let\'s face it, it absolutely should be), then feast your eyes on the second Doomsday teaser, which finds Chris Hemsworth\'s God of Thunder calling on his father Odin for the strength to layeth the smack down on Doom in the multiversal war to come. Check it out below;</p><p>Okay, okay, okay, so there\'s actually a fair bit to take in here for a one-minute teaser trailer. Following the heartwarming finale of Thor: Love And Thunder — in which we saw Hemsworth\'s Asgardian hero flying into battle alongside his newly adopted daughter, Love (played once again by Hemsworth’s real-life daughter India Rose Hemsworth), he wielding Mjolnir and she Stormbreaker — this new teaser for Doomsday finds Thor alone in a forest, praying to Odin to ask for the strength of the All-Fathers \"so that I may fight once more.\" With head shaven and Stormbreaker back in hand, it looks like the Russos are bringing Thor back into his Endgame era for Doomsday, casting aside his luscious Love & Thunder locks and art-pop attire for something a little more severe and battle-hardened. What\'s more, as we see here, Love is all grown up when we rejoin the God of Thunder in the Avengers\' next outing, and it is Thor\'s desire to be with his child — \"to return home to her, not as a warrior but as warmth\" — that looks to be guiding his journey in Doomsday. He and Steve Rogers both, so it seems.</p><p>With a third Avengers: Doomsday trailer expected to drop next week, reportedly centring around the X-Men, and a fourth and final full teaser primed for the week after that if trade whispers prove accurate, the anticipation is definitely building for a truly major MCU event — the likes of which we haven\'t honestly seen since Spider-Man: No Way Home almost half a decade ago — when the Russos\' return hits cinemas on 18 December, 2026. But before then, all eyes now turn to next week. To us, our X-Men teaser trailer! (Please, please let those Cyclops scenes be real!)</p>', '12_Thor', 12, 4, 1, '2026-02-23 15:21:15', '2026-02-23 15:21:15'),
(13, 'Maroon 5 to play their first Irish gig in more than 10 years', 'Global superstars led by charismatic frontman Adam Levine will play Malahide Castle in June', 'Maroon 5 are coming to Dublin next summer', '<p>Chart-topping US band Maroon 5 have announced a concert in Dublin’s Malahide Castle on June 30th, 2026, their first time playing in Ireland since 2014. The Los Angeles band, led by charismatic frontman Adam Levine, have sold more than 135 million records worldwide over a 30-year career, and have clocked up more than 32 billion combined streams on Spotify, with 12 of their songs garnering more than 1 billion streams each.</p><p>Among the band’s best-known hits are This Love, Sugar, Girls Like You, She Will Be Loved, Moves Like Jagger and One More Night. The band formed in high school in 1994 as Kara’s Flowers, and in 2001 they added guitarist James Valentine to their line-up, renaming themselves Maroon 5. The band’s indie-pop sound has evolved over the years, with dance, hip-hop and R&B influences bringing their music to wider audiences. The band have had hit collaborations with several artists including Cardi B, Megan Thee Stallion, Kendrick Lamar, Rihanna and Lil Wayne.</p><p>In August, the band released their eighth studio album, Love Is Like, which received poor reviews, including from The Irish Times.</p><p>Tickets for the band’s concert at Malahide Castle cost from €69.90 to €89.90 and go on sale this Friday (December 5th) at 9am via ticketmaster.ie. Promoter MCD is holding a presale which starts on Wednesday (December 3rd) at 9am. You can register for the presale here:</p>', '13_Maroon_5', 13, 3, 1, '2026-02-23 15:21:15', '2026-02-23 15:21:15'),
(14, 'Zach Bryan, Michael Bublé and Deftones announce summer 2026 shows', 'Zach Bryan, Michael Bublé and Deftones will perform dates in Dublin, Limerick, Cork and Belfast', 'Michael Bublé, Zach Bryan and Chino Moreno of Deftones. Photographs: Getty Images', '<p>Zach Bryan, Michael Bublé and Deftones have each announced shows for summer 2026 in Ireland.</p><p>American country singer Zach Bryan will perform four dates in the country; in Cork on June 20th and 21st, and in Belfast on June 23rd and 24th.</p><p>Tickets for his With Heaven On Tour dates go on sale for fan presale on December 4th at 10am, with general sale tickets avalable to purchase from 10am on December 5th.</p><p>Dijon and Fey Fili have been named as his support acts for his Irish dates.</p><p>Bryan, who after Taylor Swift was the most streamed artist on Irish Spotify in 2024, played three shows in Dublin’s Phoenix Park in June earlier this year.</p><p>Canadian singer Michael Bublé will perform three dates in Ireland next year: Dublin’s Malahide Castle on June 26th; Limerick’s Thomond Park Stadium on June 28th; and Belfast’s Ormeau Park on July 1st.</p><p>Tickets for Dublin are priced from €89.90 to €99.90, while Limerick tickets are priced from €81.25 to €91.25.</p><p>Tickets will go on sale on Friday, November 28th, at 9am on Ticketmaster. Presale, which fans can register for here, will go live on Thursday, November 27th at 9am until Friday, November 28th at 8am.</p><p>[ Deftones: ‘I definitely think we’ve followed the Madonna model’Opens in new window ]</p><p>And in other gig news, American band Deftones will perform at Dublin’s Irish Museum of Modern Art on August 25th next year.</p><p>British-Irish alternative group Idles are to play as the band’s special guests.</p><p>Tickets are priced at €79.90 - €89.90 and will go on sale on Friday, 28th November at 10am.</p><p>Presale, via promoter MCD, will go live on Wednesday, November 26th at 9am until Friday, November 28th at 9am.</p><p>The announcement of the summer date follows the band’s sold out date in Dublin’s 3Arena on February 16th, 2026.</p>', '14_Summer_Show', 14, 3, 4, '2026-02-23 15:21:15', '2026-02-23 15:21:15'),
(15, 'Nature-loving types will tell you leaves are a gift. Don’t be fooled', 'They are piling up on the footpath, destroying the garden, sneaking into the house ... and always wet', 'It’s impossible to predict what the garden will look like on any given day. Photograph: Getty Images', '<p>There are all manner of romantics, young dreamy fools, songwriters and poets who will declare that they love autumn: the trees becoming skeletal, the almond-coloured leaves gently collecting in corners.</p><p>What these people have in common, of course, is that they’ve never had to clean anything up. Leaves are a curse.</p><p>Our back garden has two normal suburban-sized trees, but out on the front pavement, three large ones are leaning over our walls. As soon as there’s a turn in the weather or a gust of wind, they start shedding. And it’s not one big leaf-dump: insidiously, they seem to take turns, deciding among themselves who will be next to torture us. Or they decide to wait until it’s nice and windy and raking it up is impossible. One of our trees is now completely bare, while the other is still fully leafed. Just waiting.</p><p>Every morning, it’s impossible to predict what the garden will look like. The dog, when she hasn’t had a wee in the kitchen, likes to launch herself out of the back door and off the decking. (Which she shouldn’t do as she has a wonky leg. I’ve told her but she never listens to me). Sometimes, she’ll land on grass, but on other occasions, she’ll be completely subsumed by a small ocean of leaves. Dogs are supposed to possess a superior sense of smell and an uncanny ability to locate themselves. As well as a weak bladder and a pathological need to bark, our dog doesn’t have these skills either. She disappears into the leaves and moves about a bit. Then she starts crying until I pick her up and bring her back inside.</p><p>But it’s not just the dog who is inconvenienced by this. We humans are under siege. Like a plague of locusts, the leaves will do anything to find a way inside the house. They somehow manage to penetrate every room, into cupboards and shoes. They are always wet.</p><p>We have all the usual equipment. An outdoor broom. A big rake. One of those leaf blower yokes that’s just a big hoover: this year, though, it’s sucking with a bit less enthusiasm and making a weird sound. It may have decided it’s had enough, and I don’t blame it. There’s only so much it can do. Because of our leaf problem, we got an additional brown bin. We fill them, but it hardly makes a difference. Plus, we have to be super careful that we don’t put the dog in the bin by accident.</p><p>And this is just what we have to contend with inside the walls of our home. There’s no way of ascertaining what leaves come from what tree, but some of them are almost certainly travelling from our property and mounting outside on the pavement. Legally, it’s not our responsibility, and the local authority does occasionally come along and clean them up. But a tumble of rain and a pile of leaves make for treacherous conditions underneath, and Herself has this do-gooder notion that killing one of our neighbours might be poor form.</p><p>Anecdotally, we’ve heard from people who work in the Health Service Executive that at this time of the year, there is an uptick of people presenting with broken hips and/or head injuries. Thus, we have to spend a lot of time pushing the pavement leaves into our brown bins or sweeping them into the road. Last week, Herself spent a good two hours clearing the pavement just in time for a council road sweeper to arrive and take it all away. She was so delighted that she wanted to open a bottle of champagne. The following morning, the pavement was covered in leaves again.</p><p>Of course, your nature-loving types will tell you that this is the wrong attitude: that leaves are a gift. Don’t let the misinformation fool you. It’s them or us.</p>', '15_Leaves', 15, 2, 1, '2026-02-23 15:21:15', '2026-02-23 15:21:15'),
(16, 'Poem of the Week: Ode to a German Shepherd', 'A new work by Alvy Carragher', '\'He moved across the unspeakable things / and required no language, not even his name.\' Photograph: iStock', '<p>Did Otto dream of his family</p><p>the first night he slept in our house?</p><p>The press of their bodies still by his side.</p><p>The air warm and damp with their breath.</p><p>Only to wake to the smell of a strange bed,</p><p>only to stumble to the silver water bowl,</p><p>the kibble softened with unfamiliar milk.</p><p>Family was all that mattered to him,</p><p>a shining noun that drove him through the days.</p><p>On forest walks, he charged up and down,</p><p>herding us. I walked ahead, my mother behind.</p><p>Otto could not bear the growing distance.</p><p>If he had spoken, he might have said,</p><p>You two. Work it out. But we never did.</p><p>He moved across the unspeakable things</p><p>and required no language, not even his name.</p><p>In winter, I threw a stick out on thin ice.</p><p>A betrayal. He skittered across the surface.</p><p>It cracked under his weight. He plunged in,</p><p>only to emerge sopping wet, fur flattened,</p><p>the stick clenched in his jaw. Shivering.</p><p>Returning to my side as if it were nothing.</p><p>When I look back, he always seems to be</p><p>forgiving me with those frank eyes,</p><p>shiny as the drops he shook into the air.</p><p>Alvy Carragher’s third poetry collection, What Remains the Same (2024), is published by The Gallery Press. She has also published a children\'s novel and was selected for Poetry Ireland\'s Eavan Boland Award 2025</p>', '16_Poem', 16, 5, 3, '2026-02-23 15:21:15', '2026-02-23 15:21:15'),
(17, 'The art of Mark Francis: A strange, uncanny sense of time and movement evokes Francis Bacon', 'Visual art review: Tracing Echoes shows the expansion of the artist’s palette from the monochromatic paintings the of early 2000s', 'Tracing Echoes: Oscillator I, by Mark Francis', '<p>The writer Michel Leiris once described Francis Bacon’s portraits as creatures already attacked by decay. Like Oscar Wilde’s picture of Dorian Gray working in reverse, the painter’s distortions did not so much freeze time as animate its passage; faces seen in a blurry transition from cradle to grave.</p><p>At first glance the intense, formal abstractions of Mark Francis seem to have more in common with Gerhard Richter than with Bacon. Large-scale works in oil on canvas or aluminium, such as Oscillator I (2025), consist of tight vertical lines with blocks of colour laid down and meticulously dragged to create remarkable stuttering effects in the paint that seem simultaneously precise and indeterminate. In a series of charcoal works on paper, narrow verticals again dominate, soft-focus forms flowing through them like frequency outputs, in Acoustic Expansion (2025), or profiles of the moon, in Linear Mass I, II, III (2025).</p><p>Yet they do share with Bacon that strange, uncanny sense of time and movement apparent within the experience of viewing the works themselves.</p><p>Francis, who was born in Newtownards, in Co Down, handles his materials extraordinarily well. His palette seems to have expanded over the years, moving from monochromatic paintings in the early 2000s to a considerably broader spectrum of tones in recent years. As the colours jostle with each other within strictly controlled lines, a remarkable sense of movement and undulation is produced, as if the paintings themselves were real-time data readouts of the very experience of their own viewing.</p><p>As titles such as Sonic Swell and Audio Field indicate – and as does a curated playlist accompanying the show – music and sound are central to Francis’s practice. This is not necessarily to say the artworks are inspired by or about music. Rather, it is again a question of time and movement, the paintings and drawings producing something of the durational experience of being immersed in the auditory environment.</p><p>This is nicely emphasised in Listening Field (2025), a seven-minute audiovisual work commissioned by Solstice Arts Centre. Francis’s first foray into film, it will also feature as part of his representation of the Republic of San Marino at this year’s Venice Biennale.</p><p>Lines of coloured light form and shift over and back across a darkened screen, moving to a score of electronic tones and whining feedback. As well the lateral movement, the lines produce a sense of forward momentum, like watching a road disappearing endlessly under headlights.</p><p>The piece is remarkably effective at transposing the artist’s vision from easel to moving screen. Nonetheless, in so literally animating his lines and integrating them with an audio score, Listening Field in a strange way dissipates some of the power of his paintings and drawings.</p><p>The fluidity Francis achieves with brush and charcoal is compelling enough in its own right and maintains a touch of mystery that risks being lost in the clarity of the film.</p>', '17_Mark_Francis', 17, 5, 1, '2026-02-23 15:21:15', '2026-02-23 15:21:15'),
(18, 'A mummy’s tale from Cork to Cairo: ‘It’s like the Tomb of the Unknown Soldier. His body represents us all’', 'A new book by the artist Dorothy Cross tells the remarkable story of Cecil, UCC’s Egyptian mummy, and his return home', 'Kinship by Dorothy Cross: The Great Sphinx and The Pyramid of Khafre, Giza, Egypt', '<p>An Egyptian mummy used to live under the floorboards at University College Cork. Dorothy Cross first heard of it from her Aunt May. It was 1983, and the pair were sharing stories in May’s Victorian house, which was full of treasures, Cross says – “a doll’s house, a rocking horse, X-rays, damask and china, bones and intelligence”.</p><p>The artist, who had recently returned from studying in San Francisco, lapped it up. It would be four decades before those memories coalesced with action to become an extraordinary artwork and a new book, Kinship: Home. In the meantime Cross would become known internationally, winning awards and representing Ireland at the Venice Biennale.</p><p>May Cross, who was born in 1899 and had studied medicine by candlelight during the Civil War, married Billy O’Donovan, who became professor of pathology at the university. Rumour had it that he had hidden the body himself, but, the artist says, it had been put there years earlier, for storage. It was discovered by builders during renovation works in the 1940s.</p><p>Cross is in her studio in Connemara, which is full of light and nature, and pieces of bone, silver, wax and gold. Her dog is snoozing at her feet. Outside, across the road, is the sea, which has featured in so many of her works, its constantly changing nature and power an intriguing presence.</p><p>In 1999, for Ghostship, Cross painted a decommissioned lightship with phosphorescent paint; it would glow after dark in Dublin Bay. The work seemed to hold time, as if the histories and memories of those who lived aboard, keeping sailors safe from maritime dangers, were somehow still there, out in the dark waters.</p><p>May’s story of the Egyptian mummy returned to Cross in 2019. The artist was driving home after the culmination of Heartship, a project that had the LÉ James Joyce sailing up the River Lee. Part of the Sounds from a Safe Harbour festival, it was carrying a relic of a human heart, to the accompaniment of music by Lisa Hannigan and Alasdair Malloy.</p><p>The ship, Cross says, had saved thousands of lives while stationed in the Mediterranean. Reports of the James Joyce’s work tend to describe those it rescued as migrants, but it is more accurate to speak of them as people who, but for the grace of chance and geography, could be any one of us.</p><p>We are living in difficult times, but where do we even begin to think about addressing the injustices of the world? How can you make a hierarchy of care?</p><p>Do you start with an elderly parent in need of medical treatment? A people expelled from their land? The attempted annihilation of an entire race?</p><p>Or what about with the repatriation of the body of a man, 2,000 years dead, his tomb looted, his origins lost, his borrowed sarcophagus transported across continents to wind up half-forgotten in Ireland?</p><p>Cross believes they are all connected. “I felt compelled to return the body to his homeland,” she says. “An act of kinship.”</p><p>Five years in the making, Kinship: Home traces through words and images this forgotten man’s journey home. Its meanings are extended through texts by writers who include Max Porter, Edmund de Waal, Hisham Matar, Michael D Higgins and Ahdaf Soueif.</p><p>Learn more</p><p>There are poems, memories and thoughts, many of them moving to the point of inexpressibility. The barrister and international-law expert Philippe Sands writes of a journey to Chagos, a tiny archipelago in the Indian Ocean, the inhabitants of which were expelled in the 1960s by the United Kingdom at the request of the United States to build a military base.</p><p>In another text the American writer Rosemary Mahoney describes the strange urge to desecrate and loot, generally enabled by being thought of as souvenir gathering. (Mahoney quotes Florence Nightingale writing, “I bring home some little figures I found in the tombs.”)</p><p>“I didn’t ask them to write particularly about moving a mummy back to Egypt,” says Cross, explaining the book’s making. “It was about the notion of displacement, migration, grief ... those little tendrils towards loss that guided me towards these people.” She also hopes to make a film. “I’m still kind of floating in this.”</p><p>Kinship is not a glossy coffee-table book featuring panoramas of ancient Egypt. Instead it quietly and subtly draws you into the realer meanings of lives across the world.</p><p>Writing about the mummy, Soueif asks: “what do you do with the body once its occupant has gone?” Mummification enabled it to be the focus of the rituals at the heart of the Egyptian belief in the passage to the afterworld. “Men and women were meticulously documented working and wedding, sowing and reaping, playing and feasting so they could live their lives again in eternity.” Remove the body and the connection is lost.</p><p>The significance of what happens to your body when you die, and to your soul if you believe in such things, depends on your cultural and religious background. As explorers, archaeologists, looters and some locals plundered the tombs of Egypt, both officially and unofficially, agents buying on behalf of private and public collections around the world fed the trade.</p><p>The mummified bodies were less valuable than the jewels that some of them were festooned with. Mark Twain claimed the bodies were used as fuel for trains, although this is most likely a myth. Another myth is of cursed tombs, which Cross says stems from a mould that grew on the bodies, which those who first opened the sarcophagi breathed in.</p><p>Mummified bodies were ground up as a pigment for a shade called mummy brown, the manufacture of which didn’t end until the 1960s. Discovering the true origins of one of his often-used colours, the Pre-Raphaelite painter Edward Burne-Jones buried a tube of the paint in his back garden. According to his wife, they planted a daisy on top. Depending on your world view, this is either a curiosity or a tragedy.</p><p>An extraordinary coincidence followed Cross’s decision to explore the afterlife of the Cork mummy, who had locally come to be called Cecil. Approaching a restoration expert near her own home, she was astonished to discover that it had been sent there for preservation.</p><p>“It had been in storage five miles from my house for the last 12 years. When my aunt first told me the story, she said that, when the builders found it, they opened the sarcophagus and pulled the linen off its face. That has been in my head since my 20s,” says Cross. “It went down to the bone. When they opened the box here, sure enough, that was the case.”</p><p>In the intervening years, students agitated to have the mummy returned. “It is the body of a man believed to have died of natural causes. He was not high ranking. The sarcophagus dates from 300 years earlier and had originally been occupied by a higher-ranking man named Hor. We don’t know who this man is,” says Cross, drawing on research done in the 1970s by Helen Moloney. “That makes it more important, more inclusive. It’s like the Tomb of the Unknown Soldier. His body represents us all.”</p><p>A project team came together, including UCC’s then librarian, John FitzGerald, the cultural producer Mary Hickson and the producer and curator Maeve-Ann Austen. Simon Coveney helped, as minister for foreign affairs, as did the cultural director Eugene Downes. Ambassadors at either end helped. An introduction to the former secretary-general of the Supreme Council of Antiquities of Egypt, Mostafa Waziry, was pivotal.</p><p>It wasn’t simple. You don’t just go sending a mummy back to Egypt. Initially, Cross recalls, they said no. “We were sitting in Mostafa’s office, with a bust of Nefertiti on one side, and all these pictures, and he said, ‘We don’t want your mummy. We have too many.’”</p><p>Waziry was referring to the scale of Egypt’s continuing problems in protecting its legacies from looters, but ultimately he agreed to have him returned, to be housed in the Egyptian Museum, in Cairo.</p><p>There were many moments of frustration. “You think so many things are possible,” says Cross. “Then people say they’re not. I know it should be so simple. And yet the world, and the institutions, make it difficult.”</p><p>I ask Cross about her own opinions on the afterlife. “I don’t think it’s as glamorous as the Egyptians,’” she says. “I live in a kind of space of already nearly being there. I think it’s almost like we’re there in this life, and there is not enough acknowledgment of the relationship between the now and the then. And I do believe in powers that people negate because we’re too afraid, and because science can’t prove them.”</p><p>In some ways the complexities of quantum physics may prove such things after all. “I was very conscious of his presence,” says Cross. “When things were moving on, and he was ready to go, I did believe there was some kind of calm, a kind of exhalation, in that he got home. Someone said to me that ‘home’ is the wrong word, but I think it is a terribly, terribly powerful word to all of us. Being able to go home is a privilege.”</p><p>All cultures have their wounds, but to have your heritage taken and misunderstood on such a scale is impossible to comprehend. Through her sculptures, Cross frequently draws attention to the small in a way that underlines its enormous significance. As with her work Tread, which is on show at the Irish Museum of Modern Art, in its exhibition Art as Agency, an exquisitely carved foot may emerge from a vast lump of marble: a detail that speaks volumes. In the book, a photograph of stone steps in Egypt’s Valley of the Queens has its own quiet power, the rock having been worn to slivers in places by countless now forgotten feet</p><p>Cross had initially wanted to sail the body to Egypt in a gilded ship, but that proved impossible. Instead it was sent on an aircraft. Cross is open about the setbacks and what might have been considered failures that she encountered en route to the project’s conclusion.</p><p>It is a theme that Hickson, whose Sounds from a Safe Harbour festival partnered to create the project, takes up.</p><p>“We provide space and time for artists to come together, to play, to experiment, to fail,” she says. “When it fails, a thing becomes clearer. With Kinship we could never have prescribed that there would have been a certain output. We had to be patient. This is how art should be made. It should never be forced.”</p><p>Still, so many of our funding systems require an outcome even before the process has begun. “A lot of what we do sits outside conventional funding models,” says Hickson. “We have to work a bit harder to figure that out.” Cross made and sold marvellous scarves to help fund the project.</p><p>Following the progression home of the body of the unknown Egyptian, and reading the associated writings, leads to moments that, as Seamus Heaney wrote in Postscript, “catch the heart off guard and blow it open”. Some of the pain of living comes from knowing that we are simultaneously important and not.</p><p>Cross’s remark that this mummy’s body represents us all makes a connection with the body of another man who died 2,000 years ago, to become one of the world’s most powerful symbols of humanity, however such a symbol may have been later misused.</p><p>Often, just to keep going, we slide over the huge things in our minds: the dying, the burying, the surviving, the finding of home and the losing of it. Those who like to own things may look at Kinship and wonder what or where the artwork actually is. Is it the “wow” of a moment, an object that was created, or is it the lingering effects of the knowledge that something was done?</p><p>We may discover where to begin facing the world’s injustices by checking in with our own humanity. Art like this can remind us of where to find it.</p>', '18_Mummys_Tale', 18, 5, 1, '2026-02-23 15:21:15', '2026-02-23 15:21:15'),
(19, 'Killarney then and now: Aspects recognisable from when Harry Kernoff painted them in 1943', 'Some of the views Irish artist Harry Aaron Kernoff painted of Killarney while on a cycling trip with Patrick Kavanagh haven’t changed much in more than 70 years', '\'Pound Row, Lewis Road Killarney\', a painting made by Harry Kernoff from his room in The Arbutus Hotel across the street in 1943. The area is now named Michael Collins Place. © Estate of Harry Aaron Kernoff', '<p>Sean Buckley, owner of Killarney’s Arbutus Hotel, holds a picture of his father Pat as a young boy. It was painted by the artist Harry Kernoff in September 1943: “My father used to say that the best thing about having his portrait painted was that he got a day off school”.</p><p>Kernoff and his friend the poet Patrick Kavanagh were on a cycling holiday in Kerry. During the artist’s stay in the Arbutus Hotel he painted a number of street scenes, landscapes and portraits. Sean’s grandfather Tim was running the hotel at the time, and Kernoff painted his young son in exchange for accommodation.</p><p>Harry Aaron Kernoff (1900-1974) is best known for his streetscapes and portrayals of ordinary social life, in addition to landscapes, woodcut illustrations and set designs.</p><p>I grew up in Killarney but was unaware of the Kernoff connection until I noticed a painting called Fitzgerald Park, Killarney in a recent Adams art auction. A few research rabbit-holes later and I was heading home, to retrace some of the artist’s footprints.</p><p>While Killarney has undergone many changes since Kernoff visited – and I grew up – there are some constants. The beauty of the surrounding natural landscape remains the same and, despite the town’s increased traffic and street signage, much core architecture does too.</p><p>Pound Row, a painting he made from his bedroom in the Arbutus, is still an uphill curve on the road but is now called Michael Collins Place, and the little houses have been replaced by a hotel. The Handy Stores today has an ATM, and tables and chairs outside where customers sip coffee. Fitzgerald Park is now a Stadium and its grassy embankments have been replaced by steel and concrete.</p><p>A year after his visit Kernoff exhibited 35 pictures of Killarney at an exhibition in the Grafton Gallery. An Irish Press piece praised the show, saying: “All of the pictures are real, visual art, pleasing at first glance, with sound lines and beautiful colour, and with a welcome absence of pretentiousness.”</p>', '19_Killarney', 19, 5, 4, '2026-02-23 15:21:15', '2026-02-23 15:21:15');
INSERT INTO `stories` (`id`, `headline`, `short_headline`, `subheadline`, `article`, `img_url`, `author_id`, `category_id`, `location_id`, `created_at`, `updated_at`) VALUES
(20, 'The evolutionary case for a little roughhousing', 'A variety of studies are showing that rough-and-tumble play is important for animals and kids alike.', 'Wolf pups at play at Zoo Académie, a zoo and training facility in Nicolet, Quebec, in 2017. Scientists are finding that rough play is important for animals and humans alike.', '<p>Gordon Burghardt kept a lion cub named Meg in his home at the behest of the Knoxville Zoo. To help Meg get out some energy, Burghardt and his wife would often play with Meg in their wooded, unfenced backyard. One day, a neighbor’s dog appeared, tail wagging. As an ethologist—a scientist who studies animal behavior— Burghardt could see that the dog was giving clear signals that he wanted to play, not fight, but would the lion cub be able to read them? After all, these are two creatures separated by around 45 million years of evolution.</p><p>The cub gently placed her paw on the dog’s back, and the dog lowered his head and stretched out his legs—a gesture that animal behaviorists call the “play bow.” Then, he raced away and the cub chased after him. As Burghardt watched the two animals negotiate a rollicking game of “tag,” he was astonished.</p><p>“They immediately understood the signals—that it wasn’t adversarial,” said Burghardt, a professor at the University of Tennessee, and author of The Genesis of Animal Play: Testing the Limits. “It’s remarkable that two animals so different can communicate their intentions at all.”</p><p>The encounter took place roughly 50 years ago, when animal play was not seen as a topic worthy of scientific investigation. “People thought it was too anthropomorphic,” Burghardt says. But now, what once looked like frivolity is proving fundamental. Driven by ancient circuits deep in the brainstem, rough-and-tumble play takes remarkably similar forms across many species, and it’s turning out to be far more essential than we’ve assumed. When animals are deprived of it, studies show, they don’t just miss out on fun — they grow up socially impaired, particularly when it comes to interacting with the opposite sex.</p><p>“It\'s absolutely essential for social mammals to engage in a wide variety of play, both for brain development and for them socially — and that includes humans, too,” says psychiatrist and play researcher Stuart Brown.</p><p>The shape of fun</p><p>As two young rats tussle, they compete to nuzzle and nip the napes of one another’s necks. The rat who has the advantage often cedes it by rolling onto its back, or by only partially executing defensive maneuvers. Bites are gentle, dominance is fleeting, and a single squeak is enough to end the bout.</p><p>Magpies also follow these basic rules. As two birds compete to peck one another’s heads, they never use full force, take turns winning, and stop when either player has had enough. If you’ve ever watched kids wrestle, you’ve probably seen the same guidelines in effect, says Sergio Pellis, a neuroscientist at the University of Lethbridge and co-author of The Playful Brain: Venturing to the Limits of Neuroscience. Indeed, roughhousing sometimes brings out our inner monkey.</p><p>“You will find examples, particularly in those first two or three years of life, where kids engaging in rough-and-tumble play are trying to bite one another,” Pellis says. “My guess is that humans still have some of the residual biting that is typical of apes and Old World monkeys.”</p><p>The signals animals use to keep things friendly can also be surprisingly similar across species, notes Burghardt’s former student, Heather Brooks. Brooks, now a postdoctoral researcher at the University of Colorado, Boulder, recently examined more than 200 bouts of interspecies play, most of which she found online. In many videos featuring primates, you can spot the loose, open-mouthed “play face,” which may be the foundation for human laughter. As for the play bow made famous by dogs, it’s also used by lions, magpies, and a thrush-like bird called the Arabian babbler. Bowing may communicate “this is play, not a real fight” because briefly breaking eye contact makes the player slightly vulnerable, Brooks says.</p><p>“Maybe it\'s part of the self-handicapping that the animals do, to indicate like they\'re not going to be super aggressive,” she says.</p><p>The drive to play and many of the basic rules are deeply ingrained. Rats whose cerebral cortex has been removed still engage their littermates in wrestling matches, initiate play just as often, and even switch roles. Without a cerebral cortex, however, the rats stop making “context-dependent adjustments,” Pellis adds, such as not playing too rough with a more dominant male.</p><p>If play is governed by the brainstem, that means it’s as primal as hunger, fear, and other ancient motivational systems.</p><p>While most mammals probably have the play drive, not all of them can express it, Pellis adds. Species with short, precarious lives have little room for exuberant, energy-expensive play. Mice, for instance, are born with most of the skills they need to survive. They don’t have to exercise fine-grained judgement and navigate social hierarchies— two abilities that play seems to build.</p><p>“The kinds of refinements that play can provide will only be of use to animals that have a kind of social life and a degree of longevity that they can utilize those skills,” Pellis says.</p><p>Play’s paradox</p><p>For a behavior to count as play, it can’t have any apparent or immediate function—but few wild animals have the extra calories to burn doing pointless things. In addition to requiring a lot of energy, wrestling with your littermates is noisy and conspicuous. Two play-fighting rats, for instance, could easily attract the attention of a hungry hawk. And yet, many young mammals spend up to 20% of their day tussling with their peers, according to The Playful Brain.</p><p>So, what’s the hidden purpose of play-fighting? Most nature documentaries assert that rough-and-tumble play gives young animals a way to practice behaviors they will need as adults. That’s a reasonable assumption, but if you look closely, animals don’t actually employ difficult or typical moves in their play fighting, says Gisela Kaplan, an ethology professor, emeritus, at the University of New England, Australia and author of Bird Bonds. For instance, young elk often play by locking horns, but never by butting heads -- a more aggressive move that’s reserved for serious fights.</p><p>“Play offers no obvious advantage in skill acquisition,” Kaplan says. “But it does help you learn to manage fear.”</p><p>Researchers have put that idea to the test by depriving young rats of the opportunity to play. The results? They grow up to be anxious wrecks. Encounters with other rats rattle them easily, and they tend to overreact, responding to ambiguous cues with aggression or defensive withdrawal. Later, these social miscalibrations show up as sexual incompetence. In addition to misreading others’ amorous overtures, play-deprived male rats have been observed trying to mount female rats from the wrong end.</p><p>Pellis and other researchers have peered into play-deprived rats’ brains and found some neural underpinnings for these social and emotional misfires. In the brain’s orbitofrontal cortex, a region that helps animals interpret social signals, neurons’ dendrites sprawled every which-way—suggesting that they never got the pruning they needed to develop efficient, streamlined connections. Meanwhile, the neurons in the rats’ medial prefrontal cortex, which downregulates emotional responses, don’t have enough branches. Taken together, this suggests a system out of balance, one that can’t take context into consideration when assessing threats.</p><p>These findings point toward a purpose for play that’s less obvious than the practice hypothesis. Play-fighting links ancient, brainstem-driven emotional and motivational systems with the higher cortical circuits that can judge when to apply the brakes, Pellis says.</p><p>“Play fighting is actually not practicing your fighting skills, but it is helping train your prefrontal cortex to figure out, ‘How should I modify my behavior relative to the situation?’” he says.</p><p>Play-deprived kids</p><p>It would be unethical to deprive children of opportunities for roughhousing just to see what happens, but there’s an unintentional experiment in progress on that very question. Over the last few decades, unstructured playtime has been replaced with scheduled activities and nonstop supervision, with one 2018 survey finding that American children have 35% less outdoor free-play time than their parents did. Another study, in 2024, found that many parents say they support risky play, but only 78% actually allow their kids to engage in roughhousing. Moreover, parents taking risk-tolerance surveys regularly rank roughhousing as one of the most anxiety-triggering activities kids can do, alongside climbing to the tops of trees or roaming unsupervised.</p><p>Given this reality, perhaps it’s unsurprising that children today are showing many of the same effects of play deprivation that scientists have observed in the lab. Anxiety, for instance, is on the rise -- and part of the problem might be that children aren’t learning to modulate their automatic fear responses by tussling with other kids.</p><p>“Rough-and-tumble play is scary,” says Kaplan. “Sometimes you get pinned, sometimes you feel out of control, but then everything is fine and your stress levels go down very quickly.”</p><p>Play-fighting also trains animals to assess another creature’s motives and physically adapt to their movements—two key abilities for mating, Pellis says. In rats, depriving young animals of rough-and-tumble play leaves them strikingly inept at courtship later in life. That research offers a provocative lens on recent human trends. According to the Survey Center on American Life, just 56 percent of Gen Z had a romantic relationship as a teenager, compared with 78 percent of Baby Boomers and 76 percent of Gen Xers. And between 2000 and 2018, the percent of young adults who haven’t had sex in the last year tripled among men, and doubled among women.</p><p>Overall, humans seem to be depriving themselves of play while binging footage of animals playing online. Videos of unlikely playmates are particularly popular, says Brooks, who identified more than 200 such videos in a recent analysis, including a crocodile wrestling gently with an otter, and a dog playing tag with a tortoise. As with the lion cub and neighbor’s dog that first astonished Burghardt decades ago, the appeal may lay in watching successful cross-species communication, and to the vicarious pleasure of witnessing unbridled joy.</p><p>“We should probably get offline and follow their lead,” she says.</p>', '20_Roughhousing', 20, 5, 3, '2026-02-23 15:21:15', '2026-02-23 15:21:15'),
(21, 'Argentina\'s last captive elephant finally wins her freedom', 'Over the last decade, Argentina has been closing its zoos and relocating animals to sanctuaries and rescue centers. But moving elephants has proved harder than expected.', 'Kenya at the Mendoza Ecopark, where she went through rehabilitation before transferring to Brazil\'s elephant sanctuary.', '<p>On a hot day in July, Kenya the elephant was taking her time to exit her transport crate and enter her new home. But after 30 minutes, the 13,200-pound African elephant stepped out of the crate, shook off the dust, briefly explored her surroundings, then proceeded to roll in a mound of red earth.</p><p>“She did it like a little girl,” says Juan Ignacio Haudet, director of biodiversity and ecopark of Mendoza City in Argentina. It was the first time in the last three years of working with her that he had seen her frolic, bathe her entire body, or even enjoy food.</p><p>Kenya was the last captive elephant in Argentina. She arrived at the Global Sanctuary for Elephants in Brazil, the only elephant sanctuary in South America, after several months of rehabilitation at the Ecopark of Mendoza City, where she had lived her entire 40 years of life in captivity.</p><p>Her release earlier this year was made possible by a 2016 Argentine law—passed amid growing public pressure and advocacy from animal protection groups—mandating the closure of the nation’s zoos, their transformation into ecoparks, and the relocation of exotic animals to sanctuaries or rescue centers.</p><p>The team that traveled with Kenya to Brazil says she arrived at the sanctuary trumpeting, as if making a triumphant entrance that marked the end of 136 years of elephant captivity in Latin America’s second largest country.</p><p>Asian elephant Pelusa was the first elephant in Argentina selected for relocation. Like Kenya, she spent her entire life alone, though she lived at the La Plata Zoo. But Pelusa died in 2018 at age 52, just days before her transfer to the Global Sanctuary for Elephants.</p><p>That wasn’t the only loss. Merry, an Asian elephant kept in a private zoo who performed from a very young age in a circus, died that same year at age 50. In 2024, while waiting for international permits for relocation and cross-border travel, African elephant Kuky passed away at just 34 years old. And just a few weeks before Kenya’s trip this year, Tamy—a 55-year-old Asian male who had already completed his rehabilitation process—died as well.</p><p>In the wild, the average age of a healthy elephant is between 60 and 70 years, but that average changes significantly for elephants forced into confinement. In Kenya’s case, decades spent in captivity took a gradual but relentless toll, says Tomás Sciolla, a director for the Equity Sanctuary at the Franz Weber Foundation: leg problems from lack of movement, muscle loss, intestinal disorders, and liver disease.</p><p>“The winters are very cold, the summers are very hot, and the space we had was limited and on hard ground,” Haudet says about the conditions at Mendoza Zoo, which closed in 2016 and was turned into the Ecopark, a center designed for the conservation of endangered native species without keeping them in captivity. “We didn’t have the facilities or the budget to provide the specialized, intensive care elephants require.”</p><p>In 2008, Leandro Fruitos, a council member of the current Mendoza Ecopark, began collecting signatures to close the zoo. As a representative of the Franz Weber Foundation, a nonprofit that organized the relocation of all elephants from Argentina, he led communications with the Mendoza government and international institutions to secure permits—ones that expired four times for two other elephants and three times for Kenya due to what he describes as \"political whims.\"</p><p>The Mendoza Zoo has remained off-limits to the public ever since its closure. Over the past decade, more than 1,500 exotic animals from the zoo have been relocated to sanctuaries and rescue centers in Argentina and abroad—a slow but steady effort that has given the remaining residents more space and better living conditions, including permanent health monitoring to ensure the animals’ well-being.</p><p>Several other zoos in Argentina have also been converted into ecoparks since 2016, although the process requires both time and significant funding.</p><p>Kenya’s arrival to join Asian elephant Mara and African elephant Pupy—animals from other zoos in Argentina who reached the Brazilian sanctuary in 2020—stands as a testament to years of struggle, patience, and loss. Her first roll in the red earth was not just a moment of freedom, but a tribute to those who never made it.</p><p>How these elephants relearn trust</p><p>Elephants of Kenya’s age carry psychological wounds that are impossible to erase, according to Scott Blais, founder of the Global Sanctuary for Elephants. He explains that many were victims of “selective culls,” a practice common during the 20th century, in which hunters shot adults from helicopters.</p><p>“In some cases, they tied the calves to the leg of their dead or dying mother, and then put them in a box,” he recalls. These calves were then sent by poachers or animal traffickers to zoos and circuses around the world, condemned to a lifetime of confinement without a proper diet or adequate space to move, Blais says.</p><p>It is unknown whether Kenya experienced the tragedy of being torn from her mother, but she was just four years old in 1984 when she was purchased and brought to Mendoza following an agreement with Tierpark Berlin, a zoo in Germany. She was placed in an enclosure with another calf who died of pneumonia shortly after. From then on, she lived alone, the only African elephant at the Mendoza Zoo—a solitary member of a deeply gregarious species.</p><p>But veterinarian Johanna Rincón of the Franz Weber Foundation finds hope in the sadness. “There is a tendency to think that it is challenging to gain the trust of these animals, but they are so broken that it is easy to build it,” says Rincón, who participated in the transfers of Kenya, Mara, and Pupy, and also worked on the health checks for Kuky and Tamy.</p><p>Rincón learned to interpret each of Kenya’s gestures.</p><p>“With the others, I only saw their trunks; with Kenya, I learned to see her gaze,” she says. “You have to show them that you understand them and that you are going to establish a respectful relationship.”</p><p>Another obstacle is getting the elephants to recognize the transport crate as a safe place. There, they receive food, water, and care. The crate has a restraint system, similar to a seatbelt, designed to keep them comfortable.</p><p>But they must understand that this is a temporary, albeit stressful, situation. Closing the crate is often one of the tensest moments, as the animal can become frightened or angry, potentially delaying the entire process.</p><p>Kenya, however, responded favorably: She accepted the confinement and endured the five-day journey to Brazil without any major difficulties.</p><p>Blais describes Kenya as a “very sensitive and expressive elephant” who, at the beginning of training, exhibited “deep insecurities which were evident in the way she cautiously approached and interacted with humans.” He says he watches her transformation with awe, even though it’s just beginning.</p><p>Kenya and the future of other captive elephants</p><p>Now, Kenya is connecting with her neighbor Pupy, exercising her muscles more than ever, hiking hillsides, and knocking down trees in her habitat. She rolls in the mud and grass, which not only brings her joy, but also helps improve the health of her feet by exfoliating dead skin from her body.</p><p>“We are witnessing the layers of trauma begin to peel back,” Blais says.</p><p>Sciolla hopes Kenya’s story will inspire other countries. The Franz Weber Foundation is working toward the liberation of elephants in other countries across the region and Europe, with particular focus on those still in captivity in Switzerland. “Elephants should not live in captivity,” Sciolla says. “That is not conservation.”</p><p>Haudet, director of the Mendoza Ecopark, often hears from disappointed zoo patrons who want their kids to see these elephants.</p><p>“People have to understand that what they saw at the zoo wasn’t an elephant; it was just the appearance of an animal with a trunk, ears, and legs… but it didn’t behave like an elephant, didn’t eat like an elephant, didn’t live like an elephant,” he says. “With every little step, Kenya brings us joy and shows us that this is the path—that she was the last elephant in captivity in Argentina, and that there’s no turning back.”</p>', '21_Elephant', 21, 1, 3, '2026-02-23 15:21:15', '2026-02-23 15:21:15'),
(22, 'Ghosts of the deep—discover the lost legends of Bermuda’s seas', 'Scattered across coral-strewn reefs and sunken cliffs, Bermuda’s centuries-old shipwrecks beckon explorers to uncover mysteries far beyond the famed Triangle.', 'There are said to be more than 300 shipwrecks scattered around the reefs of Bermuda.', '<p>They look like LEGO. Black cubes of it, scattered across the seafloor as if a toddler has thrown a tantrum and stormed off mid-play. I exhale, lowering my neoprene-clad body deeper into the Atlantic for a closer look. The blocks aren’t plastic, of course. They are, in fact, natural formations — dense nodules of manganese oxide that build up as minerals crystallise around wrecks — and which now litter the seabed like a chequerboard of shadow and shimmer.</p><p>It’s unexpected. But then, the surprises haven’t stopped since I arrived in Bermuda a few days before. This subtropical archipelago — a string of lush, fish-hook-shaped islands marooned some 600 miles off the coast of North America — is best known for its tailored shorts, prestigious golf courses and a certain mysterious triangle. But for me, it’s what lies beneath the azure waters that holds the greatest intrigue — namely, a vast underwater museum of maritime misadventure, where centuries-old shipwrecks rest in eerie silence, each vessel heavy with secrets, stories and even this glinting array of treasure.</p><p>Sure, manganese oxide isn’t exactly gold bullion, but it certainly glistens with a strange, otherworldly sheen. Treasure also makes more sense than scattered plastic bricks, an unlikely inventory item on The Pelinaion, the Greek cargo steamer I’m now exploring. From the moment I descend, it’s clear shipwrecks here are different. I won’t be tracking down any famous, well-preserved vessels — those that, despite their sunken states and lopsided leanings, still seem ready to power up and resume their routes at any moment. In Bermuda, shipwrecks have had it rough.</p><p>I feel like Simba from The Lion King, all wide-eyed as he wandered the elephant graveyard for the first time. Once 385ft long, this wreck is now a broken, jagged mess — and at just 30ft below the surface, I’m struck by how little separates it from the bustling world above.</p><p>“You’ll be diving on wrecks that would be nearly impossible to reach in other parts of the world because of weather or depth,” Brit, my affable guide from Dive Bermuda, told me earlier that morning. “Some lie in just five metres [16ft] of water, while others poke out above the surface. In Bermuda, shipwrecks are scattered everywhere.”</p><p>Brit believes it’s this easy access that makes Bermuda such a unique diving location, and I’m inclined to agree. Unlike other diving hotspots across the world, the vast majority of Bermuda’s roughly 44 buoyed wrecks lie well within recreational diving limits, with many reachable by free divers and snorkellers, too.</p><p>It’s not just this accessibility and variety that make Bermuda’s dive sites so seductive though — the sunken vessels also bring with them an abundance of marine life. I ponder this while a shimmering silver Bermuda chub chomps furiously at algae covering a steel beam. It’s one of many that have taken up residence in and around The Pelinaion’s remains, a pleasing example of a new symbiosis between nature and industry.</p><p>A long & colourful history</p><p>“Point me to a slice of history you’re curious about, and I’ll reveal a shipwreck linked to it,” says cultural anthropologist Dr Philippe Rouja the following day. We’re at the lively Swizzle Inn in the capital, Hamilton, sipping potent rum cocktails.</p><p>“Bermuda is oddly more intertwined with the 17th century than it should be,” he adds, rescuing me from the need to dredge up my own patchy historical knowledge. And he would know. Officially, Philippe’s title is ‘Custodian of Historic Wrecks’. Unofficially, he’s known as the ‘Indiana Jones of Bermuda’ — or, at times, the island’s ‘Sea Keeper’. His government role spans everything from documenting the region’s sunken vessels to drafting preservation laws and educating the public on their importance.</p><p>In reality, his work is even broader: he’s collaborated with UC San Diego to create 3D maps of the seafloor, as well as the International Union for Conservation of Nature (IUCN) to protect the Sargasso Sea. He also established the Sargasso Sea Alliance, which works alongside the Bermudian government, and has helped develop the first lionfish-killing robot with Roomba inventor Colin Angle. He sports a mop of curly hair, has bright eyes, a penchant for gesticulation — and clearly knows what he’s talking about.</p><p>“Since 1609, every generation that’s come to Bermuda has ended up hunting for shipwrecks,” Philippe explains, over the crooning of the Plain White T’s in the background. And with good reason: between 1600 and today, there’s been plenty to find. Bermuda’s turquoise bays and cedar-rich landscapes were once a crucial stop on trade routes between Europe and the Americas, drawing ships from nearly every major maritime nation. Combine that traffic with Bermuda’s perilously shallow, reef-rich waters and the result is predictable: at least 300 ships lost to Davy Jones’s locker, and there are almost certainly more still waiting to be discovered.</p><p>“The fact that we still can’t find several known and quite significant wrecks speaks volumes about what remains hidden in the past,” Philippe explains. “There’s a whole range of ships that came in, hit the reef and sank in the lagoon. They’re probably still there.”</p><p>He likens Bermuda’s underwater terrain to Mount Everest. “It’s essentially a mountain peak. Beyond the reef, it drops off sharply — around 120 metres [393ft] in most places — so if a ship hit the breakers and drifted more than a kilometre [0.6 miles] out, it’s gone over the edge and you’re never going to find it.”</p><p>It’s easy to see how so many ships met their fate here. Gazing out from the dive boat en route to The Pelinaion the previous day, it was impossible to miss how the sea shifted before my eyes — from a softly rolling sapphire carpet to a puckered fabric of razor-sharp reef edges. By the time it was my turn to take a ‘giant stride’ off the back of the boat, the scuba diving term had never felt more appropriate. I needed an extra dose of courage to step into this sea, which I wasn’t certain wouldn’t bite back.</p><p>Treasure troves</p><p>If the remnants of The Pelinaion made an impression, Bermuda’s biggest shipwreck trumps it the following day. One of the largest cruise liners in operation at the time, the 499ft-long Cristobal Colon ran aground on North Rock reef in 1936 after the captain mistook a communications tower for a lighthouse. It had been sailing from Cardiff to Mexico, manned by 160 crewmen and, thankfully, carrying no passengers.</p><p>The enormous vessel ground to a halt almost vertically atop the reef, an open invite for locals to tuck in. “Salvaging a wreck is the quintessential Bermudian pastime,” Philippe had told me. “In the late 1800s, every shipwreck was like a grocery or hardware store arriving by sea. Since almost everything had to be imported into Bermuda, a shipwreck crashing on the reef meant a treasure trove of materials.” Though the ship was heavily plundered over time, traces of her interior remain for those who know where to look — and furniture, chandeliers and even a brass safe are all rumoured to have found new life in private homes across the island.</p><p>It takes just a few minutes to descend through the crystal-clear water, but it feels like slipping back in time. I deflate my BCD (buoyancy control device) and sink past shafts of sunlight until the wreck begins to materialise, first as shadows, then structure. “It’s like a ghost city under the sea,” Brit had said earlier with a smile. Years after its wrecking atop the reef, the Cristobal Colon was bombed by the British and US armies for target practice, sending it to the seabed and the reason divers, like myself, can now drift between it 50ft below the waves.</p><p>As I breeze between the chunks of old machinery, it’s impossible not to think of Cristobal’s story. In many places, it’s hard to tell wreckage from reef: arrow crabs cling to the roof of cylindrical piping; parrotfish hover over bulkheads; damselfish dart between turbines and propellers; and tiny yellow wrasse flit through the currents, cleaning their scales. All around me, feather, brain and branching coral thrive.</p><p>But it’s not nature alone that captivates me — it’s the questions. I wonder whether the crew really were Spanish loyalists fleeing the civil war, and whether the bronze rooster masthead that crowned the prow still lies buried. With every twisted beam, broken mast and rusted keel, I find myself pondering what these wrecks once were, about the hands that maintained them and the futures they now hold. Perhaps Bermuda’s greatest mysteries extend far beyond its infamous triangle.</p>', '22_Bermuda\'s_Seas', 22, 2, 2, '2026-02-23 15:21:15', '2026-02-23 15:21:15'),
(23, 'Your next adventure: Dublin, Ireland', 'Join National Geographic photographer Jonathan Irish as he captures the very best of Ireland’s lively capital city.', 'Dublin\'s iconic River Liffey flows through the heart of the city, making it the perfect place for an evening sunset stroll.', '<p>If there was a competition for pretty cities, Dublin would easily take the top prize. There’s no question that Ireland’s capital is gorgeous, thanks to a mix of cobblestone streets, red-brick facades, and well-designed green spaces. On top of that, it offers something for everyone—from backpacking students to active retirees.</p><p>National Geographic photographer Jonathan Irish recently visited Dublin to capture the essence of this vibrant destination—a place teeming with history and culture.</p><p>“As a photographer, you’re always looking for the heart of the city,” Jonathan says. And he found it—in urban parks, storied pubs, iconic establishments, and one-of-a-kind shops. Discover Dublin, Ireland through Jonathan\'s lens, and see why this city should be your next adventure.</p><p>A Thriving Pub Scene</p><p>While \'Pub-lin\' isn\'t its common nickname, it would aptly suit this city, given it\'s home to over 770 pubs. Most visitors start with Temple Bar in central Dublin, an iconic namesake pub famous for a good Irish “craic”―great fun, live music, and boisterous crowds.</p><p>Tourists come for the Instagrammable backdrop and extensive drink list at what is arguably the most famous of the dozens of pubs in the neighborhood. Though around the corner (about an eight-minute walk away), there’s a completely different vibe at Grogan’s Castle Lounge. Here, you won\'t find TVs blaring or loud music playing; instead, patrons engage in intimate conversations with each other. This is a place that encourages visitors to be friendly and neighborly.</p><p>Jonathan recommends the specialty at Grogan’s: a ham and Irish cheddar cheese toastie with a pot of Irish tea. (You can ask the bartender to make it “special” with sliced onions and tomatoes or dot it with Colmans yellow mustard for added zing.)</p><p>For a memorable fish and chips plate, head a bit west to The Brazen Head pub. There’s been an establishment serving guests on these grounds since 1198, and the medieval fortress-like building has been licensed to serve ale since 1661. The stone wall and red-leather seat interior is bolstered by a large courtyard where boisterous crowds turn up for live music throughout the week.</p><p>To wrap up your pub tour visit Guinness Storehouse. Once the world’s largest brewery, Guinness is inextricably tied to Dublin’s history. It also happens to be one of Ireland’s most popular tourist attractions. The site is worth a visit (book tickets in advance) even if you aren’t a fan of iconic dark stout.</p><p>Dublin’s Coolest Neighborhood</p><p>With its Victorian terraced cottages and brightly colored doors, Stoneybatter has been called one of the \"coolest\" neighborhoods in the world.</p><p>Stoneybatter began as one of the city\'s earliest villages and by the late 17th century had become so filled with wandering animals in its streets that it earned the nickname \"Cowtown.\" To this day, boot scrapers can be found outside some of its doors: People needed something and somewhere to wipe the mud from their shoes before entering.</p><p>The neighborhood remains one of the best-preserved parts of the city, where visitors mesh easily with students, young professionals, and creatives. One of the best spots to observe local life is at Slice, a neighborhood café and restaurant thats been serving up some of Dublin’s best brunch fare for the past decade (try their slow-cooked BBQ beef banh mi, smashed avocado toast, or fluffy buttermilk pancakes).</p><p>Jonathan also suggests perusing the shelves at The Lilliput Press. The famous publishing house was trusted with the first-ever Dublin-based printing of the classic 1920s novel Ulysses in 1997. It found its home in Stoneybatter when it moved to the neighborhood in 1989, quickly becoming one of the city’s most charming bookstores.</p><p>Urban Green Spaces</p><p>One of Europe’s largest city parks is Phoenix Park, known as the place \"where Dublin goes to breathe.\" The park was once a royal hunting reserve. Today, all manner of wildlife, including a herd of wild fallow deer and an impressive array of birds, roam free. It’s the antidote for the hustle and bustle of city life. “You really feel like you’re away from it all,” Jonathan says.</p><p>Rent a bike from Phoenix Park Bikes to better explore the 1,750-acre park’s paths, Victorian Tea Rooms, woodlands, monuments and historic buildings. Save time to park your bike, sit on a bench, and soak in the gorgeous surroundings. Jonathan found a similar zen vibe on early morning photo walks along the River Liffey’s picturesque bridges, and recommends renting a kayak or booking a boat tour for a new perspective.</p><p>In the heart of Dublin, you’ll find St. Stephen’s Green. The enclosed 22-acre park, which sits just across from the famous Shelbourne Hotel (the first Irish Constitution was drafted in a room here in 1922), retains its Victorian garden oasis feel. Wander tree-lined paths past languishing swans and ornamental gardens.</p><p>Beyond the gates of St. Stephen’s Green is Grafton Street, where shop windows are filled with fashion-forward deals and Dublin souvenirs. Grab a tasty \"99\" treat, an ice cream cone with a stick of flaky milk chocolate inserted at the top, then take in the slew of talented buskers, musicians who turn the streets into impromptu performance venues.</p><p>Irish Craftsmanship</p><p>For souvenirs, Jonathan suggests something iconically Irish.</p><p>“I bought a Merino wool blanket and a flat cap at the Aran Sweater Market,” he says, noting that the experience helped him better appreciate the intricate, subtlety of an Irish stitch. “Every family has their own stitch, and not only in sweaters, but blankets and everything. In the Aran Market there is a wall with all of the different stitches, with the names of the clans they are from. It was so fascinating,” he says.</p><p>Visitors will be tempted by the famous cable knit sweaters, or jumpers as they\'re known here, that originated in the Aran Islands off Ireland’s west coast. Clerks can offer insights into the handicraft art that has lasted for generations. If you’ve got Irish roots, make your purchase more meaningful by adding a family crest or choosing stitches from the official register of historic patterns.</p><p>And So Much More…</p><p>Dive deeper into Dublin’s history by visiting the many castles that sit within the city limits. At the 13th-century Dublin Castle, you can tour a Viking settlement as well as the State Apartments that serve as the venue for presidential inaugurations. The castle’s Dubh Linn Garden and Christ Church Cathedral (less than a five-minute walk away) are two other worthwhile stops―and don’t miss Marsh’s Library, Ireland’s oldest public library, where you can take a peek at books dating back to the 17th century.</p><p>But that’s Dublin: a city where gems―hidden and otherwise―are shared as freely as tall tales in the pubs and neighborhoods open themselves up to you with a bite, a pint, and a conversation.</p><p>Jonathan’s advice: Slow down, take it all in―then explore even further.</p>', '23_Adventure_Ireland', 23, 2, 1, '2026-02-23 15:21:15', '2026-02-23 15:21:15'),
(24, 'Luke Combs: Who is Slane Castle’s next headliner?', 'A beer-chugging, jeans-wearing all-American, Combs’s music is propped up on escapism, heartbreak and nostalgia', 'Luke Combs will be the first country headliner at the Co Meath venue. Photograph: Evan Agostini/Invision/AP', '<p>As rumours swirled around U2, Oasis and Fontaines DC, many will have been surprised to see the name of Luke Combs announced as Slane Castle’s next headliner.</p><p>The Meath venue has been lying dormant since 80,000 people besieged Harry Styles there in June of 2023. Over three years will have passed by the time Combs takes to its stage on July 18th next year.</p><p>He may be unfamiliar to some, but Combs boasts more than 25 million monthly listeners on Spotify, placing him in the top 250 artists on the platform. The 35-year-old North Carolina native is a giant of country music, sitting alongside Morgan Wallen, Chris Stapleton and Zach Bryan as contemporary pioneers of the genre.</p><p>Devoted to international chart-topping, the modern country star is an emblem of broad appeal and, in many ways, Combs is the ultimate everyman. A beer-chugging, jeans-wearing all-American, his music is propped up on escapism and nostalgia for a superficial idea of the southern states.</p><p>There are economic justifications for Slane’s first ever country headliner. Irish enchantment with the US may have declined over the years, but the country music genre is still a direct pipeline for those that want to believe in the star-spangled dream.</p><p>Organisers will be buoyed by evidence of that cohort’s appetite for major events.</p><p>Look no further than Garth Brooks’s run of sold-out shows at Croke Park in 2022 and, more recently, Dublin opening its arms for swarms of NFL fans attending the same stadium. Brooks even compared the feeling of playing his Irish gigs to winning a Super Bowl.</p><p>Early in his career, Combs suffered the ignominy of a rejection from reality singing competition The Voice on the basis that he wasn’t interesting enough to be on TV. This is the sort of rags to riches story that country music devours, and it may have been the day Combs vowed never again to be cast aside by the mainstream.</p><p>[ Country music singer Luke Combs confirmed to headline Slane Castle 2026Opens in new window ]</p><p>The Recording Industry Association of America (RIAA) recently anointed him the highest selling country music artist of all time. Over the past decade, Combs has twice won the Country Music Association Award for Entertainer of the Year (putting him level with the pre-folk-pop version of Taylor Swift) and been nominated for eight Grammy Awards.</p><p>Perhaps the most interesting part of his story is the timing. Combs sang throughout his youth, obsessing over acts like Brooks & Dunn, Eric Church and Vince Gill, but he didn’t pick up a guitar until he was in his early 20s. By that time, he was studying criminal justice at Appalachian State University with ambitions of becoming a homicide detective.</p><p>His earliest gigs came in his home state, but at 24, Combs made the move to country music’s Mecca – Nashville, Tennessee. He has lived there since 2014, recently spearheading a once-off relocation of the city’s most iconic stage, The Grand Ole Opry, to London’s Royal Albert Hall.</p><p>By 2017, he was an unstoppable force in the US charts. Hurricane was a catapult of a breakthrough single, laying the groundwork for his debut LP, This One’s for You, which stayed as Billboard’s number one country album for 50 weeks. Four more full-length records have followed, each seeming to commercially outdo the last.</p><p>Among Combs’s biggest hits are When It Rains It Pours, Beautiful Crazy and She Got the Best of Me; combined they have around three billion Spotify streams. Each fixes its attention on middle of the road heartbreak, a subject on which he is an expert. Other areas of interest include drinking, driving and working hard.</p><p>Despite a myriad of references to a simpler, more traditional life in his lyrics, a large part of Combs’s international success story is down to marketing and social media savviness. Like many artists from his generation, he built an online audience through covers on YouTube and Vine.</p><p>This wasn’t exclusive to the country genre – Combs dabbled in R&B and soul music. Just two years ago, he released an official version of Tracy Chapman’s Fast Car. It, too, is edging ever closer to a billion streams.</p><p>He has close to eight million followers on Instagram, where you can see him sing, play golf and teach Ed Sheeran how to fire shotgun a can. Incidentally, Combs has a song called Beer Never Broke My Heart, another called Beer Can, and who can forget The Beer, the Band, and the Barstool?</p><p>It is an impressive branding dichotomy of perceived authenticity and near impossible levels of relatability. Fans buy into the down to earth, humble persona, jeans and all. All of which is to suggest an army of happy cowboy hat-wearers will flock to Slane Castle next summer, much to the chagrin of the heartbroken bucket hat-wearers.</p><p>Joining Combs on the bill in Meath are compatriots Ty Myers and The Castellows, as well as Irish outfit The Script. It is a new era for the castle, 45 years on from Thin Lizzy headlining its inaugural event.</p><p>Some will have wished for something closer to Lizzy this time around. But whether or not you can fathom the love for American country music in Ireland, it is impossible to deny the breadth of its appeal. Slane has recognised as much.</p>', '24_Luke_Combs', 24, 3, 1, '2026-02-23 15:21:15', '2026-02-23 15:21:15'),
(25, 'Paul Rudd and Nick Jonas to premiere new film at Dublin International Film Festival', 'Comedy musical Power Ballad, directed by John Carney, will serve as closing film of festival', 'Paul Rudd and Nick Jonas star in John Carney\'s new film Power Ballad. Photographs: Getty Images', '<p>Paul Rudd and Nick Jonas will premiere their upcoming film Power Ballad at the Bord Gáis Energy Theatre as part of the Dublin International Film Festival (DIFF) in March.</p><p>They will be joined by the film’s Irish director and screenwriter John Carney at the event.</p><p>Power Ballad will be the closing film of the festival on Sunday, March 1st.</p><p>Tickets to see the film in the Bord Gáis go on general sale on Friday, January 23rd, at 9am.</p><p>DIFF member’s, festival pass holders and Bord Gáis Energy Rewards customers have presale access to tickets.</p><p>Filmed in Ireland, the comedy musical follows a wedding singer Rick, played by Rudd, who crosses paths with fading boy band star Danny, played by Jonas, during a gig.</p><p>“Bonding over music and a late-night jam session, the two strike up an unlikely friendship,” the film synopsis says. “However, when Rick and Danny return to their respective worlds, they discover that this chance encounter will upend both their lives in very different ways.”</p><p>After the DIFF world premiere, the film will be premiered at the South by Southwest festival in Austin, Texas.</p><p>“I’m delighted to have our film, Power Ballad, close this year’s festival,” Carney, whose credits include the films Once and Sing Street, said.</p><p>He added: “Who wouldn’t want to watch Paul Rudd throw Nick Jonas off a balcony? (Seriously, that happens in our movie.)”</p><p>DIFF director Grainne Humphreys thanked the Bord Gáis Energy Theatre for showcasing the closing-night film as well Liongate UK, Treasure Entertainment and Carney for “entrusting us to make it all happen”.</p><p>“It’s the perfect closing film for the 2026 festival, which features a record number of Irish features – the future of Irish cinema has never looked so bright,” Humphreys said.</p><p>The film was produced by Fís Eireann/Screen Ireland company Treasure entertainment.</p><p>The Dublin International Film Festival runs from February 19th to March 1st, with the full festival programme to be announced on January 27th. For more information, check out diff.ie.</p><p>Power Ballad is due for international release on June 5th.</p>', '25_New_Film', 25, 4, 1, '2026-02-23 15:21:15', '2026-02-23 15:21:15'),
(26, 'Grá review: Art drawn from the Crawford collection celebrates love in all its forms', 'At Uillinn, in west Co Cork, the artist collective Salt & Pepper and the curator Michael Waldron team up to foreground queer identity and romance', 'Grá: Uillinn has raided the Crawford collection. Photograph: Marcin Lewandowski', '<p>While Crawford Art Gallery, in Cork, is closed for redevelopment – it’s expected to reopen in 2027 – what to do with its thousands of artworks? The solution has been to lend pieces to galleries and museums across Ireland.</p><p>Rightly treating the Crawford collection as a piggy bank to be raided, Uillinn, aka West Cork Arts Centre, has teamed up with the local Salt & Pepper group and with the Crawford curator Michael Waldron to devise Grá, a group exhibition that “celebrates love in all its forms”.</p><p>Salt & Pepper is an LGBTQ+ creative collective of older individuals – the name refers to its members’ greying hair – that was founded by Toma McCullim in 2022. The group began meeting on park benches during the Covid pandemic; these impromptu gatherings led to more formal collaborative activity, which in turn resulted in a series of artworks shown at Uillinn in 2022 during the Bealtaine Festival.</p><p>Grá circles around themes of queer identity and romance. In the first room, for example, we are welcomed by an alabaster-white plaster model and a surreal portrait of a quiescent figure.</p><p>The sculpture is not attributed to an artist; it was produced in the mid-19th century as an educational prop, and although it’s supposed to depict Aphrodite, it may in fact be a likeness of Sappho, the ancient Greek poet whose name has become synonymous with lesbian desire. The portrait, by Stephen Doyle, is called Meditating Tongqi; its subjects are the Chinese phenomena of tongqi, or women who have married gay men, and tongfu, or men who have married gay women, because they felt immense social pressure to conform.</p><p>In addition to the works explicitly coded as queer, the curatorial team have clearly enjoyed drawing out connections among other artworks – links framed less as definitive statements than as interpretive, playful gestures, often established through witty juxtapositions or wry sideways glances. The rainbow hues in the works of Tom Climent and Isabel Nolan, for example – otherwise formally and conceptually distinct – serve as suggestive nods to the international symbolism of LGBTQ+ identity.</p>', '26_Gra_Review', 26, 5, 5, '2026-02-23 15:21:15', '2026-02-23 15:21:15');
INSERT INTO `stories` (`id`, `headline`, `short_headline`, `subheadline`, `article`, `img_url`, `author_id`, `category_id`, `location_id`, `created_at`, `updated_at`) VALUES
(27, 'Four new films to see this week: Wicked – For Good, Testimony, Jay Kelly, The Thing With Feathers', 'Ariana Grande, Cynthia Erivo, George Clooney, Adam Sandler and Benedict Cumberbatch feature in a quartet of movies released in the week of November 21st, 2025', 'Wicked: For Good – Cynthia Erivo and Ariana Grande in Jon M Chu\'s film. Photograph: Giles Keyte/Universal Pictures', '<p>Directed by Jon M Chu. Starring Ariana Grande, Cynthia Erivo, Jonathan Bailey, Ethan Slater, Michelle Yeoh, Jeff Goldblum. PG cert, gen release, 137 min</p><p>The completion of Chu’s two-part take on the hit musical finds Grande’s Glinda acting as propaganda stooge for the Wizard of Oz’s fascist regime and Erivo’s Elphaba acting as underground resistance. It doesn’t help that the second act is famously weaker than the first: shorter on momentum, less abundant in big tunes. The numbers are not strong enough and the narrative not sufficiently robust to distract us from peripheral concerns such as shaky politics and a boring obsession with backstory. Yet, through sheer insistence, Erivo and Grande almost pull it back together with a stirring closing duet.</p><p>Directed by Aoife Kelleher. Featuring Maeve O’Rourke, Catriona Crowe, Imelda Staunton, Elizabeth Coppin. 12A cert, gen release, 102 min</p><p>Kelleher, director of Mrs Robinson and One Million Dubliners, here asks us to again consider a national trauma that still requires some processing: the mistreatment of women and girls in the Magdalene laundries and mother-and-baby homes. The material has been dealt with in films such as Margo Harkin’s exhaustingly moving Stolen, but Kelleher, a diligent film-maker, persuasively makes the case for another airing. Aside from anything else, there are more stories to be heard. The film’s stress on attempts to make the State accountable is particularly interesting. The film confirms the survivors as national heroes.</p><p>Directed by Noah Baumbach. Starring George Clooney, Adam Sandler, Laura Dern, Billy Crudup, Riley Keough, Grace Edwards. 15A cert, gen release, 122 min</p><p>Baumbach’s latest casts Clooney as a Clooneyesque movie star travelling through Europe for a retrospective (while also tracking down a daughter). With a nod to 8½ and All That Jazz, a feeble script by Baumbach and Emily Mortimer touches on interesting conceits – the isolation of stardom, the regrets of the career-driven sad dad – without having anything especially interesting to say. It falls to Sandler, as the star’s harassed agent, to save the day. His weary, fraught turn reminds us that, away from lowbrow comedy, this is the committed, authentic star of Punch Drunk Love and Uncut Gems.</p><p>Directed by Dylan Southern. Starring Benedict Cumberbatch, Richard Boxall, Henry Boxall, Eric Lampaert, Vinette Robinson. 15A cert, limited release, 98 min</p><p>Adaption of Max Porter’s acclaimed book with Cumberbatch as a grieving man who encounters a winged beast that seems to represent his loss. Writer-director Southern works hard to fashion the material into a pleasing film. It retains the book’s tripartite structure, with chapters for Dad, the Boys and Crow, while removing several literary elements, including the Ted Hughes association. Cumberbatch delivers a possessed portrait of a man struggling to perform parental duties against an eroding emotional paralysis. Credit should also go to David Thewlis as the persuasive voice of the looming Crow.</p>', '27_Wicked', 27, 4, 5, '2026-02-23 15:21:15', '2026-02-23 15:21:15'),
(28, 'Incredibly rare mountain gorilla twins born in Virunga: \'It’s kind of miraculous\'', 'The twins were born to a 22-year-old female named Mafuko, who lost her own mother to armed individuals. The extremely endangered species currently numbers at just over 1,000.', 'Mafuko, a 22-year-old mountain gorilla, was spotted holding twins, which the park says are both male.', '<p>With just over 1,000 mountain gorillas left in the wild, any evidence of reproduction is cause for celebration. But the news out of the Democratic Republic of Congo this week is doubly exciting—a female mountain gorilla named Mafuko was photographed holding a set of male twins in Virunga National Park.</p><p>“It’s always great when endangered species are having babies,” says Tara Stoinski, president, CEO, and chief scientific officer for the Dian Fossey Gorilla Fund. “And then twins is exciting, because it’s incredibly rare.”</p><p>In neighboring Rwanda, Stoinski says the Dian Fossey Gorilla Fund’s data show that gorillas have twins in less than one percent of all recorded births. Humans birth twins at more than three times that rate, for comparison.</p><p>“I’ve only heard of it once before,” says Brent Stirton, a wildlife photographer who has created some of the world’s most recognizable images of mountain gorillas for National Geographic.</p><p>(See an extraordinary look inside the home of some of the world’s last mountain gorillas.)</p><p>Stirton is surprised to hear of another set of mountain gorilla twins, saying \"It\'s kind of miraculous.\" He sees it as a sign of hope for the slowly rebounding mountain gorilla population. “When I first started working in Virunga in 2007, there were just 276 mountain gorillas left in the world.”</p><p>War, poaching, disease, and habitat loss all threaten the mountain gorilla, which is one of two subspecies of the eastern gorilla. In fact, Mafuko’s mother was killed by “armed individuals”, according to a statement published on Virunga National Park’s website.</p><p>And yet, thanks to the hard work and personal sacrifice of rangers and conservation agencies, as well as the resilience of the gorillas themselves, the animals soldier on.</p><p>“These gorillas have adapted, and they continue to thrive,” says Stirton. “They fly in the face of all conventional wisdom.”</p><p>Why are gorilla twins such a big deal?</p><p>To understand why experts are so excited about the news of twin gorillas, you must first understand just how slowly these animals reproduce, says Stoinski.</p><p>“Females won’t have their first baby until about 10 years of age,” she says. “And females generally give birth about every four years.”</p><p>This slow reproduction rate limits how quickly the population can respond to threats. And just like with humans, baby gorillas require tons of parental care.</p><p>“One of the things people love about gorillas is how much like us they are, and how they can see ourselves reflected in them,” says Stoinski. “Female gorillas are amazing moms, and the infants are totally dependent on them.”</p><p>While gorillas can stand and walk on two legs, they prefer to move on all fours. And when a female has a baby, this means one of her arms is devoted to carrying the little one. Holding two infants becomes doubly difficult.</p><p>Females that give birth to twins must also produce twice the amount of milk, says Stoinksi. All of this contributes to a lower survival rate in twins, she says.</p><p>\'The cutest animal you’ve ever seen\'</p><p>At around four pounds at birth and covered in thick, black hair, Stirton says baby mountain gorillas are “definitely up there with the cutest animal you’ve ever seen.”</p><p>But it’s the babies’ relationship with the biggest gorillas that fascinates him.</p><p>“One thing that’s interesting is that silverbacks who play with the kids and who are gentle with them get much more breeding time with the females,” he says. “The ladies are pretty smart about that. They’re like, ‘Hang on a minute. This guy’s a good dad. I want to be with him.’”</p><p>And the big males who are grumpy and fierce?</p><p>“They don’t any action,” says Stirton, who will be returning to Virunga in three weeks on assignment with National Geographic.</p><p>(Track mountain gorillas in Uganda with the people who protect them)</p><p>As for what will happen to the twins, it’s anyone’s guess. Around 33 percent of Rwanda\'s infant mountain gorillas die before reaching adulthood, says Stoinski. But overall, mountain gorillas are doing better than experts would have expected just a few years ago.</p><p>“This is a subspecies that Diane Fossey thought would be extinct before the year 2000. And right now, they’re the only great ape on the planet, besides humans, that is increasing in number,” she says.</p><p>“I wish Mafuko all the luck in taking care of these twins,” says Stoinski. “We will all be rooting for her.”</p>', '28_Gorilla', 28, 1, 3, '2026-02-23 15:21:15', '2026-02-23 15:21:15'),
(29, 'Is CBD good for your dog?', 'Some research has shown promise for particular conditions in dogs, but questions remain.', 'CBD has risen in popularity as a treatment for anxiety, inflammation, and pain in dogs. However, scientific evidence supporting the benefits of CBD use for pets is still limited, with most of the studies being preliminary or anecdotal.', '<p>Over the last decade, thanks to changes in regulations, the market for CBD products has rapidly grown in the U.S. — but not only for humans. Pets are also part of this trend.</p><p>CBD, the common name for cannabidiol, is a compound derived from the cannabis plant. In the U.S., CBD derived from hemp was made legal in 2018, while marijuana, which contains more THC, the substance that gives its consumers a high, is still federally illegal but legal in some states.</p><p>Data from the National Animal Supplement Council reveal a dramatic growth in the use of CBD products among pets in the U.S. Units of hemp and hemp-derived compounds sold and certified by the association grew from around 25,000 in 2010 to about 274 million in 2022.</p><p>“It\'s definitely widespread,” says Holly Molinaro, Senior Animal Welfare Scientist at Animal Wellbeing Solutions. “People started using it in humans, and whatever we do with us, we love to do to our dogs and cats.”</p><p>CBD is believed to hold potential for treating many diseases and conditions in pets, ranging from arthritis to epilepsy and anxiety. But the science is still catching up, as researchers try to understand the potential benefits and whether CBD-derived products are safe for our four-legged friends.</p><p>“Definitely more research is needed,” says Maxwell Leung, founding director of Cannabis Analytics, Safety and Health Initiative at Arizona State University.</p><p>(5 surprising ways hemp helps the planet)</p><p>A cure for everything, or just hype?</p><p>There is at least some evidence for CBD supplements helping dogs with osteoarthritis, a common disease known to cause problems such as pain and inflammation.</p><p>Comfort and activity in dogs with this condition seemed to improve with twice-daily treatments of CBD oil in a 2018 study by researchers at Cornell University, Colorado State University, and Metzger Animal Hospital in Pennsylvania, and other studies have found similar results. Co-author Joseph Wakshlag, professor of nutrition and Sports Medicine at Cornell University, who also consults for a company that sells CBD products for pets, says the supplement is “well proven” for this condition in dogs, though Leung cautions that the mechanism and the ideal dosage remains a big question.</p><p>CBD also seems to have potential to mitigate seizures, and “it can be used in conjunction with other anti-seizure meds safely as well,” adds Wakshlag. The few studies on the subject suggest the supplements can work; Colorado State University has found some initially promising results, for example, and researchers there are enrolling dogs with epilepsy in an upcoming study to further explore this topic.</p><p>When it comes to dealing with anxiety, things get more complicated. “We\'re still trying to determine what the right dose is,” says Wakshlag.</p><p>Molinaro points out that many studies aimed at understanding the potential benefits of using CBD to treat anxiety and stress in dogs are surveys, asking owners to self-report what effects CBD seems to have on their dog.</p><p>“People are just so convinced that this stuff is working,” says Molinaro. “And so, you do have a lot of studies saying, ‘yeah, 85% of dogs showed a decrease in anxiety.’ But the methods to find that were just asking owners, ‘did you think your dog had a decrease in anxiety?’”</p><p>his method is not ideal for understanding CBD’s real effects because “we\'re really bad at perceiving our dog\'s emotions and we tend to anthropomorphize,” says Molinaro. This might cause confusion when trying to understand whether CBD is having an actual positive effect on a dog’s anxiety.</p><p>“That\'s not saying that they\'re not working,” Molinaro says. “I just don\'t think there\'s enough of those physiological studies to actually showcase that they actually have a positive effect or not.”</p><p>(Inside a flourishing—and conflicted—weed industry)</p><p>Safety first</p><p>But could it be dangerous to feed CBD to your furry friend?</p><p>In the U.S., CBD-derived products are not regulated by the Food and Drug Administration except for Epidiolex, a drug used to treat some seizure disorders in humans.</p><p>“Because it\'s not regulated, these companies basically can put whatever they want [inside CBD products],” says Molinaro. For example, a study that analyzed 29 veterinary hemp supplements commercially available over the counter showed that some of them contained lead, some didn’t have the right dosage, and about 40% were mislabeled in some way.</p><p>What’s more, like with any supplements, there can be side effects. “There\'s a lack of research, but definitely there are safety consideration that also need to be studied further,” Leung says.</p><p>Molinaro, who approaches the topic with “open minded cautiousness,” thinks CBD “has the potential to have a lot of positive effects, but we just don\'t know what negative effects it could have yet.”</p><p>More research to come</p><p>There’s still a wide range of potential uses for CBD for future research to explore.</p><p>Leung wants to further investigate the potential CBD could have in helping dogs going through an important life transition, such as retirement for service dogs or aging, both on a physical and psychological level.</p><p>CBD also seems to have potential in decrease the itching caused by allergic skin diseases, says Wakshlag. “I think we have a whole bunch of other neurologic conditions that we could be looking at it for.”</p><p>CBD also seems to make some chemotherapies “a little bit better,” says Wakshlag. “Maybe it becomes something you use with certain chemotherapies to really decrease toxic effect of a chemotherapy or improve a chemotherapy response.”</p><p>While dogs are the most studied non-human animals when it comes to CBD use, there’s fewer studies that have investigated the topic in cats, and even less in other species, such as horses.</p><p>“That\'s very, very new stuff,” says Wakshlag, who is preparing CBD products to send to a 30-year-old polar bear suffering from musculoskeletal pain. Some zoos also use it for giraffes and lions, he adds. “Every species is going to be just a little bit different. So, there\'s not enough time in my lifetime to get it all.”</p><p>Overall, for pet owners out there who want to feed their four-legged-friends CBD, the number one thing to do is “talk to your vet,” who can recommend a specific brand you can use to help your dog deal with problems such as arthritis, says Molinaro.</p>', '29_CBD_Oil', 29, 1, 5, '2026-02-23 15:21:15', '2026-02-23 15:21:15'),
(30, 'How To Make A Killing Trailer: Glen Powell Plots The Demise Of His Wealthy Family Tree', 'In How To Make A Killing (formerly Huntington), Emily The Criminal writer-director John Patton Ford\'s upcoming blackly comic A24 thriller', 'In Edgar Wright\'s The Running Man, Glen Powell played a blue-collar guy desperately trying to live to make a killing off a bunch of dispassionate rich wrong\'uns. ', '<p>In Edgar Wright\'s The Running Man, Glen Powell played a blue-collar guy desperately trying to live to make a killing off a bunch of dispassionate rich wrong\'uns. In How To Make A Killing (formerly Huntington), Emily The Criminal writer-director John Patton Ford\'s upcoming blackly comic A24 thriller, Glen Powell is about to play a blue-collar guy desperately trying to kill to make a living off a bunch of dispassionate rich wrong\'uns. And this time out, as the newly released trailer for Ford\'s Kind Hearts And Coronets inspired movie reveals, Powell is looking to cut his family tree down to size in order to secure his inheritance. Check it out below;</p><p>\"There were seven of them, seven rich pricks between myself and $28 billion,\" says Powell\'s downtrodden would-be social climber Becket Redfellow early in this first trailer for Ford\'s eagerly anticipated sophomore feature. Straight after, he ominously starts to say \"if I were to prune a few branches from the family tree...\" as we witness one such Redfellow being given the old heave-ho from a luxurious yacht. Suffice it to say, it looks like our man Becket has no qualms about putting some red in his ledger to claim what he believes to be rightfully is, cosying up to socialite Margaret Qualley as his increasingly high-risk pruning operation attracts a manhunt.</p><p>The official synopsis for How To Make A Killing — whose rock-solid ensemble includes Ed Harris, Jessica Henwick, Topher Grace, Bill Camp, and Zach Woods — reads as follows: \"Disowned at birth by his obscenely wealthy family, blue-collar Becket Redfellow (Glen Powell) will stop at nothing to reclaim his inheritance, no matter how many relatives stand in his way.”</p><p>Capitalising on the current trend of increasingly direct \'eat the rich\' movies while continuing Ford\'s interest in exploring the morality of ill-gotten gains in an ever-intensifyingly dog-eat-dog world, How To Make A Killing — with its star-studded cast, darkly comic tone, and hooky set-up — has both our curiosity and our attention. We\'ll find out whether it slays with cinemagoers when it hits cinemas Stateside next February, and ones here hopefully soon after. Watch this space!</p>', '30_Glen_Powell', 30, 4, 4, '2026-02-23 15:21:15', '2026-02-23 15:21:15');

--
-- Indexes for dumped tables
--

--
-- Indexes for table `authors`
--
ALTER TABLE `authors`
  ADD PRIMARY KEY (`id`);

--
-- Indexes for table `categories`
--
ALTER TABLE `categories`
  ADD PRIMARY KEY (`id`);

--
-- Indexes for table `locations`
--
ALTER TABLE `locations`
  ADD PRIMARY KEY (`id`);

--
-- Indexes for table `stories`
--
ALTER TABLE `stories`
  ADD PRIMARY KEY (`id`),
  ADD KEY `author_id` (`author_id`),
  ADD KEY `category_id` (`category_id`),
  ADD KEY `location_id` (`location_id`);

--
-- AUTO_INCREMENT for dumped tables
--

--
-- AUTO_INCREMENT for table `authors`
--
ALTER TABLE `authors`
  MODIFY `id` int NOT NULL AUTO_INCREMENT, AUTO_INCREMENT=31;

--
-- AUTO_INCREMENT for table `categories`
--
ALTER TABLE `categories`
  MODIFY `id` int NOT NULL AUTO_INCREMENT, AUTO_INCREMENT=8;

--
-- AUTO_INCREMENT for table `locations`
--
ALTER TABLE `locations`
  MODIFY `id` int NOT NULL AUTO_INCREMENT, AUTO_INCREMENT=16;

--
-- AUTO_INCREMENT for table `stories`
--
ALTER TABLE `stories`
  MODIFY `id` int NOT NULL AUTO_INCREMENT, AUTO_INCREMENT=51;

--
-- Constraints for dumped tables
--

--
-- Constraints for table `stories`
--
ALTER TABLE `stories`
  ADD CONSTRAINT `stories_ibfk_1` FOREIGN KEY (`author_id`) REFERENCES `authors` (`id`),
  ADD CONSTRAINT `stories_ibfk_2` FOREIGN KEY (`category_id`) REFERENCES `categories` (`id`),
  ADD CONSTRAINT `stories_ibfk_3` FOREIGN KEY (`location_id`) REFERENCES `locations` (`id`);
COMMIT;

/*!40101 SET CHARACTER_SET_CLIENT=@OLD_CHARACTER_SET_CLIENT */;
/*!40101 SET CHARACTER_SET_RESULTS=@OLD_CHARACTER_SET_RESULTS */;
/*!40101 SET COLLATION_CONNECTION=@OLD_COLLATION_CONNECTION */;
